vName,nName,street,zipCode,town,email,telephone,seat
Vale,McHale,068 Melrose Way,26257,Shorapani,vmchale0@bloomberg.com,+995 (960) 619-4582,395y
Dexter,Maestrini,025 Hoffman Junction,14739,Xinzhuang,dmaestrini1@walmart.com,+86 (841) 162-8928,815j
Fernandina,Roggerone,21 Caliangt Center,74086,Pehuajó,froggerone2@reuters.com,+54 (453) 993-5306,982g
Vidovik,Checo,72 Mandrake Street,90275,Tualeu,vcheco3@typepad.com,+62 (703) 408-2402,768j
Gale,Delafoy,74 Acker Plaza,94362,Vila Nova,gdelafoy4@bloomberg.com,+351 (994) 312-2792,107p
Jo-anne,Camplejohn,72 Oneill Way,88929,Březí,jcamplejohn5@furl.net,+420 (345) 930-8637,549z
Fanechka,Cypler,418 Jenna Drive,76762,Jam,fcypler6@senate.gov,+98 (775) 691-7060,988i
Edithe,Moutray Read,285 Hermina Plaza,15436,Rybatskoye,emoutrayread7@livejournal.com,+7 (418) 325-0948,692g
Shalom,Makeswell,865 Southridge Court,13684,Trojanów,smakeswell8@soup.io,+48 (426) 827-9229,858k
Theda,Starkey,6406 Lakewood Gardens Plaza,79011,Nanggorak,tstarkey9@hc360.com,+62 (684) 867-3348,865v
Susy,Corkel,294 Westport Junction,75989,Chicama,scorkela@usa.gov,+51 (299) 238-0647,803m
Gabe,Boothroyd,3326 Pawling Hill,73817,Langarūd,gboothroydb@imdb.com,+98 (210) 591-0563,992a
Ashley,Hune,4379 Hauk Plaza,22433,Mislīyah,ahunec@rediff.com,+970 (368) 410-4422,255r
Kirby,Cantera,03722 Browning Road,94436,Tymoshivka,kcanterad@pen.io,+380 (677) 803-4405,517j
Sean,Mellmoth,119 Twin Pines Drive,58124,Belém,smellmothe@i2i.jp,+55 (378) 596-0514,253t
Prentice,Fiddeman,96 Union Court,24689,Liperi,pfiddemanf@thetimes.co.uk,+358 (504) 937-3598,600p
Anderea,O'Kinedy,42 Grim Drive,39677,Pouébo,aokinedyg@foxnews.com,+687 (355) 487-2194,377f
Arlin,Orrice,06858 Laurel Trail,37533,Huasta,aorriceh@loc.gov,+51 (527) 739-5299,152a
Hollyanne,Figgins,49342 Sugar Hill,27358,Tsuruoka,hfigginsi@uol.com.br,+81 (298) 752-5429,609l
Chastity,Kinnaird,437 Randy Trail,24884,Ma‘lūlā,ckinnairdj@mayoclinic.com,+963 (672) 406-5287,778f
Aleece,Nicolson,5433 Shasta Circle,35028,Yushu,anicolsonk@census.gov,+86 (254) 228-0445,617i
Bearnard,Swiffen,8144 Vidon Circle,63714,Sangpi,bswiffenl@skyrock.com,+86 (843) 334-6802,751f
Minni,Millery,62618 Toban Plaza,22661,Akzhal,mmillerym@tumblr.com,+7 (127) 596-7436,137s
Siffre,Najara,87 Montana Alley,06266,Pocito,snajaran@examiner.com,+54 (525) 941-0839,391q
Christie,De la croix,178 Roxbury Lane,77829,Xufu,cdelacroixo@dell.com,+86 (857) 804-2892,792i
Teresita,Croyden,771 Dapin Road,85648,Dianqian,tcroydenp@paypal.com,+86 (833) 297-8003,572k
Lindsay,Lazare,086 Sycamore Road,55474,Cholet,llazareq@virginia.edu,+33 (982) 240-3352,493w
Hermy,Finnimore,119 Commercial Crossing,18138,Gonghe,hfinnimorer@illinois.edu,+86 (474) 723-0997,397c
Henderson,Coltart,562 Hollow Ridge Avenue,95280,Kokoshkino,hcoltarts@gnu.org,+7 (995) 435-4927,852a
Chaddie,Siggee,50034 Oak Valley Avenue,03333,Zavrč,csiggeet@ameblo.jp,+386 (930) 610-0670,627a
Madel,Shadrack,021 Daystar Crossing,55905,Kalunan,mshadracku@flickr.com,+62 (860) 588-9069,410h
Pepillo,Trowler,7 Talmadge Court,45972,Santiago,ptrowlerv@intel.com,+52 (543) 289-1014,861a
Faith,Nisen,3313 Magdeline Park,82595,Haodi,fnisenw@naver.com,+86 (678) 310-6502,666w
Gael,A'Barrow,5 Bay Hill,79374,Balma,gabarrowx@360.cn,+33 (852) 770-0375,691z
Albie,Ornelas,0072 Schurz Alley,09082,Kebonkai,aornelasy@ustream.tv,+62 (961) 542-4365,783e
Lianne,Ferries,59 Ruskin Court,45110,Petrodvorets,lferriesz@sitemeter.com,+7 (485) 979-9695,023z
Lazar,Butterwick,6 Fremont Road,11979,Krasnoye,lbutterwick10@google.co.jp,+7 (433) 727-7048,508o
Doralynn,Cosley,12955 Anderson Avenue,25208,Jhang Sadr,dcosley11@bbb.org,+92 (117) 356-6668,944f
Gabriele,Crathorne,2 Stoughton Terrace,97954,Huamali,gcrathorne12@ehow.com,+51 (728) 471-9884,433d
Sanford,Phillipson,18846 Hallows Pass,68978,Ippy,sphillipson13@wikipedia.org,+236 (239) 776-0921,509k
Vladimir,Sealove,1237 Service Avenue,55774,Gulariyā,vsealove14@seesaa.net,+977 (697) 441-6081,273x
Lucine,D'Alesco,85 Prairie Rose Way,44448,Demak,ldalesco15@google.co.uk,+62 (588) 533-4560,186q
Cassie,Coole,9 Pleasure Hill,27541,Wonorejo,ccoole16@telegraph.co.uk,+62 (621) 757-1644,418q
Alexia,Blaycock,6985 Park Meadow Way,07806,Cikaludan,ablaycock17@phoca.cz,+62 (611) 145-4115,432u
Patrick,Longson,34746 Schmedeman Avenue,29376,Otuke,plongson18@hc360.com,+256 (601) 385-7184,295d
Marne,Klosterman,815 Scofield Pass,34078,Sirājganj,mklosterman19@icio.us,+880 (160) 473-4668,921r
Adriano,Bestiman,4301 Mallory Parkway,59620,Ciudad Tecún Umán,abestiman1a@networkadvertising.org,+502 (949) 980-5113,748z
Elston,Do,727 Continental Place,86271,Jingyang,edo1b@odnoklassniki.ru,+86 (966) 843-9412,146k
Cristal,Renowden,391 Mendota Way,80941,Blagoevgrad,crenowden1c@cafepress.com,+359 (457) 112-7523,224f
Corenda,Dawnay,584 Eastlawn Trail,67545,Radès,cdawnay1d@posterous.com,+216 (528) 189-9818,637l
Peder,Egel,72 Scott Hill,03561,Taytayan,pegel1e@scientificamerican.com,+63 (367) 981-6515,442p
Alexander,Pigden,28 Dexter Drive,25505,Radovitskiy,apigden1f@prnewswire.com,+7 (299) 100-3042,977s
Blair,Nibley,8644 Mallard Point,95334,Huanglong,bnibley1g@wikispaces.com,+86 (460) 816-4418,113f
Nyssa,Terrey,84314 Eastlawn Crossing,27956,Ailigandí,nterrey1h@spiegel.de,+507 (266) 420-7398,465u
Catarina,Menichelli,5 Amoth Hill,21868,Korsun’-Shevchenkivs’kyy,cmenichelli1i@php.net,+380 (857) 360-1239,685s
Lucais,Herrema,867 Lillian Avenue,94037,Giawang,lherrema1j@hhs.gov,+63 (731) 895-9457,641m
Rosene,Stopp,7 Paget Park,66534,Karanlukh,rstopp1k@w3.org,+374 (786) 782-9981,101l
Brucie,MacAlister,2 Rutledge Alley,39784,Wawu,bmacalister1l@topsy.com,+86 (991) 783-7701,678b
Nannette,Dudlestone,9 Weeping Birch Plaza,66986,Shangmofang,ndudlestone1m@squidoo.com,+86 (484) 921-6441,259r
Devan,Welfair,4403 Thackeray Terrace,58474,Lukovo,dwelfair1n@wikia.com,+389 (268) 415-7340,107i
Cyndi,Rispin,5 Hansons Avenue,01787,Neob,crispin1o@wunderground.com,+62 (583) 872-6655,052p
Ric,Proud,50725 Sunnyside Avenue,83943,Medvedovskaya,rproud1p@nps.gov,+7 (248) 768-3560,928d
Joline,Buddleigh,4 Portage Place,16942,Ol Kalou,jbuddleigh1q@huffingtonpost.com,+254 (408) 190-0539,049s
Norrie,Ivantsov,91235 Alpine Park,09653,Andamui,nivantsov1r@hubpages.com,+62 (610) 823-8205,375w
Leia,Mahomet,71037 Nobel Place,61930,Bayt Ūlā,lmahomet1s@marriott.com,+970 (212) 849-6082,209o
Harrison,Orlton,168 Victoria Place,36787,Dongsheng,horlton1t@hibu.com,+86 (279) 712-5266,756q
Mile,Oldham,9461 Golf View Place,90513,Smedjebacken,moldham1u@live.com,+46 (890) 451-2164,511q
Katerina,Lorenzetto,1 Morningstar Alley,18251,Buenavista,klorenzetto1v@hostgator.com,+57 (689) 125-1387,782n
Lucila,Crighton,92 Dorton Alley,59141,Penanggapan,lcrighton1w@liveinternet.ru,+62 (696) 365-9792,644g
Kurtis,Filshin,62066 Meadow Ridge Road,62429,Soio,kfilshin1x@twitter.com,+244 (687) 470-9151,881w
Rea,Nudds,32 Kensington Road,40663,Zacatecoluca,rnudds1y@google.nl,+503 (685) 869-8252,141s
Cal,Mylchreest,11 Bartelt Terrace,91004,Tizgane,cmylchreest1z@skyrock.com,+212 (470) 226-8064,185t
Terri,De'Ath,7 Schmedeman Terrace,94617,Kratié,tdeath20@weebly.com,+855 (550) 722-4417,952l
Gertrude,Campana,78 Mockingbird Parkway,90198,Santo Tomas,gcampana21@chicagotribune.com,+51 (516) 766-1644,097b
Gerik,Clabburn,1 Clarendon Center,43841,Örebro,gclabburn22@dailymotion.com,+46 (904) 644-4501,745s
Othella,Hedin,125 Dakota Street,80844,Jingjiao,ohedin23@yale.edu,+86 (341) 710-7065,240r
Flss,Acosta,49815 Badeau Court,09046,Armação de Pêra,facosta24@globo.com,+351 (466) 632-1905,556b
Lynsey,Staff,78589 Hazelcrest Terrace,76439,Quimperlé,lstaff25@mit.edu,+33 (994) 710-8735,543a
Barbi,Gainsboro,42 Springs Way,37546,Novopokrovka,bgainsboro26@eventbrite.com,+7 (555) 436-2120,808z
Florri,June,941 Algoma Parkway,81169,Vredenburg,fjune27@wufoo.com,+27 (206) 806-7617,584e
Valentino,Blencoe,0982 Commercial Trail,91476,Kamyshevka Vtoraya,vblencoe28@shareasale.com,+380 (793) 137-6719,064g
Wilmer,Kimbell,849 Reindahl Park,84002,Camindangan,wkimbell29@bloglines.com,+63 (151) 187-3938,547q
Samara,Isson,74 Meadow Ridge Crossing,94629,Lewisporte,sisson2a@altervista.org,+1 (139) 369-9619,853u
Shelton,Parncutt,3908 Ridge Oak Plaza,24228,Verkhnye Syn’ovydne,sparncutt2b@yellowbook.com,+380 (101) 355-8757,893v
Adrianne,Yoseloff,4 Parkside Point,46432,Hrazdan,ayoseloff2c@wp.com,+374 (799) 230-8801,689w
Cacilie,Licciardello,2529 Mariners Cove Junction,50280,Skoroszyce,clicciardello2d@digg.com,+48 (920) 735-4272,069m
Wash,Altimas,9 Ruskin Road,47214,Limoeiro do Norte,waltimas2e@cocolog-nifty.com,+55 (143) 619-3130,310d
Jorgan,Castellani,344 Dakota Point,86162,Xiaoguai,jcastellani2f@themeforest.net,+86 (415) 286-0645,767r
Joscelin,Dominetti,6087 Nelson Pass,53686,Baculin,jdominetti2g@abc.net.au,+63 (898) 947-1507,548u
Alejandrina,Pardon,22 5th Crossing,13754,Gordeyevka,apardon2h@nhs.uk,+7 (901) 970-1758,499p
Jolie,Southon,35 Stone Corner Hill,09696,Cheonan,jsouthon2i@zimbio.com,+82 (702) 320-8528,068o
Megen,Saturley,91 Schiller Point,93767,Ullubiyaul,msaturley2j@github.com,+7 (128) 720-4410,848x
Sergent,Dadge,543 Blackbird Hill,08021,San Manuel,sdadge2k@cafepress.com,+63 (232) 164-2944,832j
Benny,Maskell,6722 Mallard Crossing,57525,Dvorichna,bmaskell2l@cornell.edu,+380 (987) 963-0020,994y
Clemmie,Girardot,3 Fulton Place,59730,Shangshaleng,cgirardot2m@forbes.com,+86 (333) 678-4465,873z
Alfreda,Plumbridge,0 Elgar Street,94940,Bello,aplumbridge2n@fastcompany.com,+57 (317) 381-1260,215r
Maggee,Fidell,1444 Donald Road,54454,Nama,mfidell2o@businessweek.com,+63 (598) 164-3873,126k
Rowan,Jeans,1540 Bunting Terrace,09516,Tsimasham,rjeans2p@google.co.uk,+975 (968) 914-3265,696p
Basilius,Purvess,68 Bonner Parkway,44488,Milwaukee,bpurvess2q@marketwatch.com,+1 (262) 176-2857,337h
June,Iskow,679 Bluejay Crossing,65016,Bairros,jiskow2r@163.com,+351 (146) 284-2508,959h
Rafe,Oloshin,84 Magdeline Avenue,82707,Tangzi,roloshin2s@weibo.com,+86 (488) 343-3633,263k
Madelena,Marns,6598 Nobel Avenue,20532,Busdi,mmarns2t@bizjournals.com,+63 (308) 807-1416,111w
Jonah,Whyborn,74372 Butterfield Plaza,52274,Seattle,jwhyborn2u@salon.com,+1 (206) 901-9216,684t
Burch,Innes,4 Northwestern Street,84970,Longbu,binnes2v@nydailynews.com,+86 (444) 933-4269,482u
Elspeth,Howsan,709 Westridge Point,07602,Puerta de Corral Quemado,ehowsan2w@dropbox.com,+54 (682) 571-3361,873o
Terrence,Ennals,24527 Kedzie Pass,04767,Obesi,tennals2x@youtu.be,+62 (294) 513-0976,517q
Katharine,Brechin,91408 Walton Road,87956,San Diego,kbrechin2y@tinypic.com,+63 (895) 460-8285,989x
Brett,Bugby,769 Washington Hill,80641,Alcabideche,bbugby2z@state.gov,+351 (288) 823-9883,067h
Vina,Leppard,6 Mosinee Terrace,88608,Végueta,vleppard30@mail.ru,+51 (791) 750-6070,528e
Caye,Southerell,114 Mccormick Trail,83666,Vsevolozhsk,csoutherell31@taobao.com,+7 (784) 666-0316,240c
Idell,Wybron,972 Beilfuss Alley,96821,Jebba,iwybron32@soup.io,+234 (148) 354-3259,068j
Jacob,Martusewicz,844 Lyons Parkway,91107,Cruz,jmartusewicz33@merriam-webster.com,+351 (114) 317-7059,422i
Ninette,Pickaver,386 5th Road,72745,Paseka,npickaver34@hexun.com,+420 (654) 720-4191,208v
Meris,Palek,49515 North Plaza,35502,La Cumbre,mpalek35@themeforest.net,+54 (216) 603-2361,322e
Clarinda,Obington,6250 Holy Cross Crossing,00293,West End,cobington36@reddit.com,+1 (858) 445-0195,870u
Leela,Strahan,2 Golf Course Crossing,27293,Huangmao,lstrahan37@newyorker.com,+86 (183) 903-6779,143s
Luce,Offield,8823 Ludington Parkway,22928,Paris 19,loffield38@tinypic.com,+33 (451) 851-4312,505p
Kaylee,Fandrich,60 Iowa Crossing,29307,Almada,kfandrich39@stanford.edu,+351 (863) 111-1968,688j
Renata,Kettlestringe,6 Sullivan Terrace,69359,Vila Alva,rkettlestringe3a@mozilla.com,+351 (788) 910-8361,362m
Roarke,Kloster,2404 Ridgeway Court,50161,Tagapul-an,rkloster3b@privacy.gov.au,+63 (325) 193-5148,753t
Cullin,Arne,53918 Hauk Center,24068,Cirangrang,carne3c@cargocollective.com,+62 (676) 456-8352,032d
Leonore,Rassmann,60 Longview Avenue,55155,Chimoio,lrassmann3d@wikipedia.org,+258 (384) 509-1747,368q
Melosa,Gillespey,5 Montana Parkway,37764,Dahuang,mgillespey3e@google.ca,+86 (655) 639-2271,397j
Vladimir,Rennolds,000 Prairieview Terrace,70062,Port Harcourt,vrennolds3f@topsy.com,+234 (111) 941-8582,562r
Yolanthe,Clouter,8230 Little Fleur Park,03643,Żyrardów,yclouter3g@howstuffworks.com,+48 (821) 215-2965,415k
Horten,Gilby,2886 Sullivan Court,21198,Horní Stropnice,hgilby3h@macromedia.com,+420 (957) 321-9340,108l
Karlan,Heinecke,7 Main Trail,72812,Margasari,kheinecke3i@wiley.com,+62 (747) 820-5473,602r
Peria,Grieveson,57183 Debra Terrace,01387,Nelas,pgrieveson3j@vk.com,+351 (629) 896-4146,445y
Aubine,Singh,734 Florence Pass,35227,Cipicung,asingh3k@e-recht24.de,+62 (634) 991-2986,299g
Sharity,Barhems,995 Truax Crossing,28194,Thị Trấn Mộc Châu,sbarhems3l@tinyurl.com,+84 (872) 318-5244,434u
Dorice,Larkin,68814 Manitowish Alley,99467,Burnside,dlarkin3m@uol.com.br,+44 (334) 469-6751,284t
Dorothy,Reidshaw,37169 Northview Point,20051,Marsa Alam,dreidshaw3n@weather.com,+20 (681) 548-6959,177n
Carolina,le Keux,4174 Vidon Parkway,69819,Phu Phiang,clekeux3o@de.vu,+66 (368) 145-7545,643o
Thomasin,Pidgeley,75126 Loftsgordon Road,68389,Hacıhüseynli,tpidgeley3p@icio.us,+994 (658) 230-1050,290a
Cate,Horsewood,3 Rockefeller Street,70049,Jiwei,chorsewood3q@naver.com,+86 (988) 472-0107,620p
Melvyn,Blair,36 Rigney Crossing,00990,Otukpa,mblair3r@tripadvisor.com,+234 (525) 594-2354,115y
Audry,Bailey,2 Loeprich Park,98066,Budapest,abailey3s@gov.uk,+36 (807) 618-2488,346b
Nicoline,Compston,7 2nd Junction,23437,Naranjito,ncompston3t@blogtalkradio.com,+593 (283) 749-3109,431z
Cindy,Maxsted,21120 Scoville Hill,79906,Kíti,cmaxsted3u@goo.ne.jp,+357 (124) 913-3450,449h
Gwendolin,Varlow,7 Basil Parkway,70440,Gvozd,gvarlow3v@ycombinator.com,+385 (189) 828-5934,003w
Bria,Clopton,66 Manley Street,57604,Jilib,bclopton3w@devhub.com,+252 (870) 790-8294,439f
Lucille,Seywood,9791 Logan Way,67986,Jiangjiazui,lseywood3x@epa.gov,+86 (787) 733-0685,453m
Stephanie,Jeffries,6 Fair Oaks Street,57677,Nerokoúros,sjeffries3y@flavors.me,+30 (857) 695-2642,390g
Tania,Lothlorien,989 Cherokee Parkway,65959,Granada,tlothlorien3z@twitter.com,+57 (491) 480-8191,685f
Brantley,Levesque,08510 Armistice Hill,53085,Beaung Tengah,blevesque40@dot.gov,+62 (568) 650-3588,719v
Valencia,Rudge,85341 Rieder Place,64999,Zhangdian,vrudge41@marriott.com,+86 (725) 728-2429,616h
Milka,Managh,589 Iowa Hill,22824,Kazuno,mmanagh42@elegantthemes.com,+81 (604) 491-0222,735a
Allan,McGarvie,7 Loomis Trail,96859,Taekas,amcgarvie43@twitter.com,+62 (339) 852-4722,202r
Sybil,Snedden,850 Graedel Parkway,51224,Proletarsk,ssnedden44@wiley.com,+7 (841) 165-5736,900q
Sher,Snalham,472 Monterey Alley,96158,Posadas,ssnalham45@unc.edu,+54 (456) 912-6004,928b
Kort,Goschalk,5461 American Ash Street,80453,Psará,kgoschalk46@bigcartel.com,+30 (100) 261-4935,333f
Fredra,Sabban,58854 Michigan Avenue,09310,Marabahan,fsabban47@springer.com,+62 (808) 213-0067,213s
Mignon,Laval,1 Loomis Plaza,60123,Bi’r al Ḩufayy,mlaval48@mysql.com,+216 (738) 804-7618,737s
Lucinda,Abela,2 Manley Trail,29932,Tūkrah,labela49@wisc.edu,+218 (935) 888-2784,873c
Crissy,Foote,4499 Lyons Park,43368,Dengok,cfoote4a@so-net.ne.jp,+62 (815) 589-8016,270a
Nariko,Nathon,0879 Goodland Point,04912,Bašaid,nnathon4b@paginegialle.it,+381 (161) 795-1975,756h
Julietta,Musson,749 Morningstar Park,27763,Požarevac,jmusson4c@samsung.com,+381 (824) 611-4962,442i
Alexia,Bonifazio,08 Namekagon Lane,62326,Sindangpanji,abonifazio4d@hexun.com,+62 (586) 519-8808,208q
Preston,Paling,7 Kropf Parkway,33242,Zelenograd,ppaling4e@blogger.com,+7 (701) 610-2874,442r
Errol,Gianninotti,424 Lukken Trail,20046,Port Glaud,egianninotti4f@theglobeandmail.com,+248 (356) 888-6195,775y
Nada,Norvel,5 Stuart Road,73609,Longtan,nnorvel4g@bizjournals.com,+86 (106) 333-8729,849k
Alf,Kidby,26 Forest Dale Pass,33033,New Orleans,akidby4h@ca.gov,+1 (504) 979-0762,383r
Bea,Grouvel,71372 Schmedeman Way,74119,As Sulayyil,bgrouvel4i@mysql.com,+966 (392) 613-4431,023k
Cinderella,Bang,1 Graedel Road,66749,Golacir,cbang4j@acquirethisname.com,+62 (204) 853-1847,817m
Mignonne,Spaven,730 Karstens Road,21949,Kristiansand S,mspaven4k@nps.gov,+47 (875) 967-2110,757h
Rosalind,Bausor,032 Corscot Lane,26490,Notodden,rbausor4l@ox.ac.uk,+47 (834) 165-3953,580j
Frazier,Foynes,29 Holmberg Plaza,01241,Dorp Antriol,ffoynes4m@networkadvertising.org,+599 (183) 172-9422,019y
Rodolphe,Wrightam,2023 Lighthouse Bay Drive,86309,San Ramon,rwrightam4n@desdev.cn,+63 (774) 261-4091,404w
Lucio,Millott,05200 Arizona Point,75715,Hecheng,lmillott4o@privacy.gov.au,+86 (677) 541-9341,577n
Page,Deshorts,96511 Pond Plaza,42400,Shiraoi,pdeshorts4p@odnoklassniki.ru,+81 (738) 770-5140,849s
Pall,Ferres,3 Stone Corner Circle,19543,Alfortville,pferres4q@miitbeian.gov.cn,+33 (206) 671-2313,683a
Carson,Paver,74 Prentice Parkway,15379,Taoyuan,cpaver4r@auda.org.au,+86 (192) 362-4311,910s
Flory,Lamb-shine,02171 Stang Street,12453,Aurillac,flambshine4s@tinypic.com,+33 (407) 797-4517,854x
Barny,Licciardello,2579 Eastlawn Plaza,54100,Eksjö,blicciardello4t@usa.gov,+46 (943) 877-5990,373n
Cleopatra,Purseglove,84 Rigney Junction,39133,Sannois,cpurseglove4u@goodreads.com,+33 (964) 798-2356,974a
Andy,Ughetti,8 Rockefeller Way,62910,Qal‘eh-ye Khvājeh,aughetti4v@webmd.com,+98 (556) 271-4831,609g
Clary,Corless,1144 Burning Wood Lane,46327,Pyhäranta,ccorless4w@cafepress.com,+358 (933) 722-6498,563r
Romy,De Pietri,7 Norway Maple Road,56003,Bīr Nabālā,rdepietri4x@arstechnica.com,+970 (269) 348-1446,846c
Jasmin,Vanderplas,894 Steensland Avenue,72106,Pljevlja,jvanderplas4y@cocolog-nifty.com,+382 (967) 266-5636,281t
Valene,Meech,4407 Russell Plaza,50671,Lancar,vmeech4z@wired.com,+62 (368) 749-0031,517j
Layton,Stott,50485 Arizona Alley,58676,Ust’-Donetskiy,lstott50@latimes.com,+7 (322) 700-0907,979q
Donelle,Blunsden,76898 Springs Park,58837,Şafwá,dblunsden51@nydailynews.com,+966 (222) 403-5438,273u
Shay,Crow,286 Express Drive,05442,Timaru,scrow52@shareasale.com,+64 (260) 421-7966,797v
Aurora,Isbell,3 Brickson Park Trail,31881,Béoumi,aisbell53@live.com,+225 (295) 869-4996,903m
Pam,Tommis,4573 Petterle Parkway,03206,Selasari,ptommis54@51.la,+62 (659) 937-5556,374j
Joyan,Tash,9604 Norway Maple Avenue,68856,Dongjie,jtash55@cocolog-nifty.com,+86 (480) 709-8102,376m
Dur,Curnok,55677 Mifflin Junction,80994,Froly,dcurnok56@about.me,+7 (519) 816-1575,142t
Meier,Deeprose,440 Talisman Terrace,40912,Nové Sedlo,mdeeprose57@merriam-webster.com,+420 (887) 701-1694,216k
Ivie,Bayfield,75179 Hanson Lane,71211,Gorelki,ibayfield58@loc.gov,+7 (323) 732-1401,434t
Sidney,Boyland,635 Canary Court,33509,Hebian,sboyland59@census.gov,+86 (847) 320-4503,766n
Nataniel,Muldoon,37641 Laurel Way,83508,Muktāgācha,nmuldoon5a@bloomberg.com,+880 (658) 460-3850,484o
Mike,Espinoza,7 Michigan Crossing,41911,Smedjebacken,mespinoza5b@webs.com,+46 (400) 225-9172,797r
Elnore,Kynston,385 Bluejay Junction,66654,Lužani,ekynston5c@cbc.ca,+385 (197) 263-1573,857k
Opal,Summerside,51 Vahlen Avenue,94876,Huanren,osummerside5d@symantec.com,+86 (484) 661-7089,201o
Roman,Davidovsky,715 Bultman Point,40153,Kristiansand S,rdavidovsky5e@elegantthemes.com,+47 (901) 780-2625,934k
Gertrudis,Poncet,92842 Artisan Road,24809,Watoona,gponcet5f@oracle.com,+62 (520) 625-9919,768k
Christiano,Cypler,586 Rusk Plaza,83889,Pervoural’sk,ccypler5g@cafepress.com,+7 (606) 811-3690,884x
Maryjo,Westwater,6393 Fairfield Junction,90129,Majzar,mwestwater5h@ifeng.com,+967 (514) 573-6897,838o
Dunn,Dyball,574 Randy Trail,24226,Londrina,ddyball5i@theguardian.com,+55 (767) 956-3201,173l
Genia,Poure,14 Lotheville Trail,53909,Ishikawa,gpoure5j@ning.com,+81 (954) 245-1436,414o
Goran,Gulliman,646 Eagan Pass,66758,Safi,ggulliman5k@cornell.edu,+962 (894) 635-9776,860f
Marshal,Mattingley,4004 Melrose Way,54009,Cetinje,mmattingley5l@hostgator.com,+382 (724) 554-5068,002m
Lewie,Ossipenko,27 Holmberg Alley,06298,Nal’chik,lossipenko5m@dropbox.com,+7 (207) 788-1060,386m
Abran,Jouanot,54 Onsgard Hill,35478,El Fahs,ajouanot5n@buzzfeed.com,+216 (155) 789-3661,815l
Shoshanna,Hallowell,5368 Sauthoff Pass,87042,Thayetmyo,shallowell5o@devhub.com,+95 (332) 882-1425,248c
Bobby,Wahlberg,43301 School Lane,09708,Shaliu,bwahlberg5p@sfgate.com,+86 (425) 997-4803,047z
Rube,Openshaw,0684 Haas Point,39717,Ariz,ropenshaw5q@dailymotion.com,+351 (810) 656-1431,992l
Inez,Beazer,1 Londonderry Trail,37863,Venlo,ibeazer5r@economist.com,+31 (720) 898-7815,492c
Gianina,Vedenyakin,9 Grayhawk Trail,30685,Khānaqāh,gvedenyakin5s@skyrock.com,+93 (623) 953-0273,013a
Fitz,Argente,73 Cardinal Lane,13759,Kribi,fargente5t@ca.gov,+237 (738) 609-1733,995o
Darren,Escreet,4 Corben Junction,75795,Krajan,descreet5u@networkadvertising.org,+62 (309) 807-6363,973w
Jackie,Grishukov,98 Bultman Circle,95618,Surup,jgrishukov5v@mapquest.com,+63 (790) 447-7378,873a
Suzie,Wingate,355 Harper Place,82261,Polanka Wielka,swingate5w@hatena.ne.jp,+48 (274) 666-2856,043k
Faunie,Glowacki,90 La Follette Junction,53347,Jönköping,fglowacki5x@examiner.com,+46 (142) 434-4392,831q
Carlynne,Ranyell,9 Shopko Junction,19259,Strasbourg,cranyell5y@boston.com,+33 (165) 218-0365,328c
Jo ann,Stillmann,86 Iowa Terrace,26797,Nanxi,jstillmann5z@google.com.br,+86 (652) 130-0410,155k
Ericka,Javes,8 Bashford Terrace,50979,Denov,ejaves60@nih.gov,+998 (288) 746-9875,620t
Ardith,Wilsone,19473 Larry Junction,03325,Yangcheng,awilsone61@qq.com,+86 (774) 289-1224,465t
Elnar,Shambrooke,6624 Forster Junction,99409,Jutaí,eshambrooke62@dailymail.co.uk,+55 (418) 553-1012,419b
Drud,MacKnocker,692 Grover Circle,49358,Korfovskiy,dmacknocker63@jugem.jp,+7 (657) 710-4930,525o
Tiff,Basilotta,1 Prentice Plaza,39473,Liubo,tbasilotta64@newsvine.com,+86 (774) 354-3817,849p
Sig,Dumphy,173 Cambridge Point,95595,Meylan,sdumphy65@sogou.com,+33 (390) 644-5840,173i
Ezekiel,Leyninye,80984 Messerschmidt Junction,10525,Koatas Lao,eleyninye66@tripadvisor.com,+62 (722) 606-5306,167m
Travis,Duprey,257 Fairfield Hill,04825,Drajak,tduprey67@ning.com,+62 (912) 245-3015,761e
Janela,Baxandall,7541 Northwestern Crossing,08045,Jardim do Seridó,jbaxandall68@photobucket.com,+55 (730) 836-1839,217y
Haley,Shortt,22 Stephen Park,48495,Xiaohenglong,hshortt69@mtv.com,+86 (862) 132-4726,350v
Lynna,Botfield,8 Shoshone Crossing,35246,Lianhua,lbotfield6a@geocities.com,+86 (574) 523-7238,573i
Kristoforo,Waren,1 Tennessee Place,76043,Hidalgo,kwaren6b@columbia.edu,+52 (870) 861-4744,196w
Ambrose,Tomes,25 Prairie Rose Hill,97211,Strathmore,atomes6c@posterous.com,+1 (563) 964-2907,971t
Datha,Fibbit,0 Little Fleur Hill,46945,Qiubin,dfibbit6d@nih.gov,+86 (273) 617-0991,441u
Marcelo,Mariolle,73 Westridge Avenue,76437,Cigintung,mmariolle6e@posterous.com,+62 (240) 369-8167,740o
Renee,Heales,5 Jenifer Terrace,92427,Záhorovice,rheales6f@ucsd.edu,+420 (418) 394-1138,247t
Jarrid,Luff,09 Continental Terrace,09863,Sahnaiya,jluff6g@free.fr,+963 (787) 804-1088,193l
Ottilie,Halfhead,79887 Hermina Drive,78512,Kademangan,ohalfhead6h@blogs.com,+62 (157) 592-8151,358u
Brendan,Kimbley,24 Elgar Parkway,02445,Wuguishan,bkimbley6i@goo.gl,+86 (273) 898-7724,881l
Yves,Crippen,36 La Follette Way,96301,Na Kae,ycrippen6j@angelfire.com,+66 (527) 437-9093,896o
Hedda,Willoughby,29 Emmet Trail,61488,Tochigi,hwilloughby6k@pinterest.com,+81 (842) 411-7031,587c
Sisely,Gowdridge,8 Colorado Street,03035,Vitória da Conquista,sgowdridge6l@theatlantic.com,+55 (245) 573-0459,558a
Brit,Kibbye,6813 Hagan Drive,83987,Oslo,bkibbye6m@narod.ru,+47 (194) 283-9065,796s
Shirley,Eccles,778 Veith Hill,54394,Aţ Ţīrah,seccles6n@csmonitor.com,+970 (750) 916-9934,489c
Suki,Turnor,80820 Onsgard Street,69841,Fucha,sturnor6o@state.tx.us,+86 (160) 351-4146,824q
Vikky,Sellar,5 Mosinee Parkway,44848,Sufang,vsellar6p@dion.ne.jp,+86 (716) 279-5259,433h
Crista,Syrett,26825 Vera Trail,33268,Narawayong,csyrett6q@yahoo.com,+62 (460) 700-6596,622t
Chucho,Niemetz,342 Truax Plaza,40768,Yuhuangding,cniemetz6r@cpanel.net,+86 (216) 906-2590,891e
Howard,McKune,523 Elgar Court,74011,Anding,hmckune6s@ox.ac.uk,+86 (517) 853-9286,108q
Tobey,Mickan,796 Butternut Parkway,80526,Gandrungmangu,tmickan6t@rakuten.co.jp,+62 (159) 907-6573,249n
Estelle,Burhill,466 Service Way,29559,Madīnat ash Shamāl,eburhill6u@bbb.org,+974 (485) 802-0073,181n
Sydelle,Elsy,73277 Loomis Pass,77577,Östersund,selsy6v@comcast.net,+46 (642) 991-5198,061t
Shena,Manchett,92 Saint Paul Point,03394,Bireun,smanchett6w@trellian.com,+62 (499) 250-6939,071b
Adeline,McKeran,92 Delaware Plaza,90676,Ardirejo,amckeran6x@miitbeian.gov.cn,+62 (843) 531-8421,505i
Karalynn,Heindle,7 Thierer Center,48157,Čáslav,kheindle6y@histats.com,+420 (718) 949-4030,362n
Tedd,Heaselgrave,22 Sycamore Crossing,51686,Tocopilla,theaselgrave6z@un.org,+56 (522) 940-9000,108a
Falkner,Filippo,8575 Morningstar Park,47289,Izingolweni,ffilippo70@vkontakte.ru,+27 (998) 581-2030,419d
Violette,Bodicam,31 Burning Wood Way,10486,Cereté,vbodicam71@csmonitor.com,+57 (356) 722-4355,008a
Wilek,Benford,42560 Ramsey Lane,30834,Saint-Paul,wbenford72@ca.gov,+262 (249) 268-1955,650d
Benedetta,Gallymore,75 Anderson Trail,43506,Smolensk,bgallymore73@desdev.cn,+7 (257) 582-0229,726c
Tiebout,Dwerryhouse,403 Namekagon Street,34529,Cipicung,tdwerryhouse74@sogou.com,+62 (132) 960-2397,336a
Ofelia,Liddington,75 Rieder Plaza,64075,Bacun,oliddington75@tripod.com,+86 (205) 858-6837,878s
Orton,Scriver,14 Warrior Court,63730,Kill,oscriver76@sciencedaily.com,+353 (498) 824-8799,566x
Joachim,Lloyd-Williams,937 Huxley Hill,71774,Zhongxiao,jlloydwilliams77@slashdot.org,+86 (777) 797-0117,929r
Kristin,Perillo,928 3rd Parkway,43183,Umeå,kperillo78@blogtalkradio.com,+46 (533) 790-9883,995n
Arnie,Hemms,05592 Mallard Circle,27637,Krapivna,ahemms79@bloglovin.com,+7 (755) 652-6877,790d
Jenna,McMillam,519 Knutson Terrace,15335,Blimbing,jmcmillam7a@cnn.com,+62 (883) 619-0034,382a
Kristos,Garnar,45 Mariners Cove Street,03372,Ciudian,kgarnar7b@wikipedia.org,+62 (635) 138-9490,942d
Aylmer,Augie,373 Blue Bill Park Terrace,92420,Sindangsari,aaugie7c@ibm.com,+62 (116) 982-9707,602m
Damon,Erdely,47 Service Junction,37844,Bodø,derdely7d@dot.gov,+47 (640) 337-6994,855y
Eleanor,Ducarel,42472 Grayhawk Circle,87158,Rancho Viejo,educarel7e@php.net,+52 (904) 336-2423,454n
Raf,Ondricek,84200 Crescent Oaks Center,76700,Yuen Long Kau Hui,rondricek7f@facebook.com,+852 (150) 170-7357,661f
Carolyn,Sprigg,99 Spaight Junction,68958,Naurskaya,csprigg7g@dedecms.com,+7 (742) 821-5416,330k
Cyndy,Moakes,847 Lunder Way,58703,Zelenogorsk,cmoakes7h@example.com,+7 (969) 847-6137,138n
Leila,Perel,232 Hagan Street,36457,Xinwo,lperel7i@miibeian.gov.cn,+86 (688) 542-0605,096s
Sella,Van Velde,375 Haas Place,33935,Visby,svanvelde7j@berkeley.edu,+46 (892) 876-3040,186q
Elvyn,Dallon,90524 Sutteridge Point,74744,Lapuz,edallon7k@bbb.org,+63 (968) 377-2205,890k
Bendicty,Exrol,8277 Northview Center,69846,Pedra Branca,bexrol7l@reuters.com,+55 (111) 370-5389,523a
Winna,Torel,5 Goodland Trail,60993,Jinqiao,wtorel7m@nature.com,+86 (443) 768-2715,691i
Nanny,Dishmon,72858 John Wall Park,49630,Martigues,ndishmon7n@smugmug.com,+33 (223) 758-0266,165u
Othella,Guyet,4325 Ohio Road,50848,Nunguan,oguyet7o@dagondesign.com,+63 (125) 990-7242,772f
Ilario,Abrahamowitcz,3092 Aberg Circle,01564,Ngasinan,iabrahamowitcz7p@domainmarket.com,+62 (791) 311-4494,830e
Teddie,Gilyott,91674 Londonderry Crossing,53219,Balakliya,tgilyott7q@washington.edu,+380 (652) 824-2783,236q
Franky,Langsbury,13473 Starling Hill,65972,Pirassununga,flangsbury7r@flickr.com,+55 (889) 964-8006,906i
Valentin,Youell,73 Larry Drive,58379,Środa Wielkopolska,vyouell7s@cnn.com,+48 (399) 832-8724,877g
Debera,Belsher,1162 Haas Junction,92851,Dar es Salaam,dbelsher7t@omniture.com,+255 (911) 301-6592,907i
Creighton,Edwicker,30693 Mayer Road,97258,Kastrat,cedwicker7u@nymag.com,+355 (120) 643-9393,372b
Filmore,Bembrigg,9 Redwing Court,96192,Belén de Escobar,fbembrigg7v@comcast.net,+54 (157) 465-4583,481t
Natalie,Brocks,5885 Hagan Street,49921,Al Khānkah,nbrocks7w@techcrunch.com,+20 (250) 745-2854,770s
Gaylord,Scholfield,362 Portage Hill,68623,Měnín,gscholfield7x@usatoday.com,+420 (267) 685-5538,315y
Delinda,Maysor,9 Talmadge Hill,89382,Takokak,dmaysor7y@apache.org,+62 (647) 196-7584,604v
Korie,Baldocci,2 Crowley Point,27421,San Carlos de Bolívar,kbaldocci7z@networksolutions.com,+54 (252) 281-5731,048d
Eddy,Glassford,33609 Coleman Street,26063,Singida,eglassford80@nyu.edu,+255 (787) 627-7007,600b
Dyanne,Crosier,166 Kensington Street,99146,Mizhirah,dcrosier81@sakura.ne.jp,+966 (612) 484-6654,607e
Myrtie,Ramelet,0 Service Pass,04098,Nurabelen,mramelet82@twitter.com,+62 (643) 678-8929,765e
Lila,Alison,489 Toban Hill,12856,Tashkent,lalison83@gnu.org,+998 (771) 218-8922,622m
Jedediah,Ellams,98 3rd Avenue,86564,Handan,jellams84@berkeley.edu,+86 (697) 116-5569,291m
Madelle,Barber,6 Dexter Trail,07567,Lovran,mbarber85@liveinternet.ru,+385 (633) 748-7508,005q
Yoko,Repper,5 Cody Way,37493,Yŏnggwang-ŭp,yrepper86@example.com,+850 (228) 750-3618,023e
Linus,Pickles,050 Ridgeview Way,63450,Ekou,lpickles87@issuu.com,+86 (845) 879-9275,644n
Hieronymus,Matton,8 Kedzie Circle,75410,At-Bashi,hmatton88@ebay.com,+996 (189) 645-8571,041v
Lara,Joselovitch,2145 Saint Paul Pass,97708,Gråbo,ljoselovitch89@simplemachines.org,+46 (882) 165-4223,326j
Pen,Marklew,967 Del Sol Avenue,74613,Goranboy,pmarklew8a@arstechnica.com,+994 (960) 576-6076,544l
Jaclin,Algie,6 Pennsylvania Way,22961,Kenamoen,jalgie8b@who.int,+62 (136) 458-2016,570f
Silvester,Weyland,9556 Nancy Circle,79078,Gaoqiao,sweyland8c@about.me,+86 (552) 136-5703,741o
Clemmie,Moreman,0492 Tony Plaza,17611,Pinheiro,cmoreman8d@privacy.gov.au,+55 (628) 937-8571,598g
Woody,Fairbrace,0060 Steensland Hill,02986,Triolet,wfairbrace8e@nasa.gov,+230 (549) 196-3623,504i
Wilhelm,Hallede,8317 Chive Terrace,68029,Karolino-Buhaz,whallede8f@twitter.com,+380 (822) 338-1477,808z
Paten,Skivington,014 Morrow Terrace,07024,Wengyang,pskivington8g@g.co,+86 (273) 759-1088,511p
Cornie,McTrustie,4 Grayhawk Point,66966,Laoxialu,cmctrustie8h@samsung.com,+86 (604) 106-5968,821v
Katleen,Ellery,81 Walton Way,44447,Murcia,kellery8i@zimbio.com,+63 (102) 895-0854,167j
Joe,Ecclesall,1716 Village Green Way,21368,Mawlamyine,jecclesall8j@alibaba.com,+95 (768) 672-9530,877p
Cairistiona,Leas,974 Eagan Lane,37087,Peski,cleas8k@mtv.com,+7 (543) 173-3851,991w
Diahann,Farlham,1909 Burrows Center,73793,Fengyang,dfarlham8l@fastcompany.com,+86 (112) 856-7831,455z
Howie,Benitti,4676 Saint Paul Park,71309,Tokorozawa,hbenitti8m@arstechnica.com,+81 (218) 731-5800,051c
Gaby,Battershall,2436 Sherman Park,82179,Viligili,gbattershall8n@diigo.com,+960 (469) 830-0511,334s
Justinian,Bayford,7756 Doe Crossing Junction,46879,Hengyang,jbayford8o@nsw.gov.au,+86 (734) 682-6868,083c
Pablo,Mosedale,2 Oak Drive,25929,Khudoyelanskoye,pmosedale8p@mtv.com,+7 (657) 267-2931,810t
Mariel,Rapaport,7 Westend Terrace,92704,Srednebelaya,mrapaport8q@fda.gov,+7 (770) 921-1077,965j
Eadmund,Whistlecroft,77349 Esker Way,23528,Mocho,ewhistlecroft8r@paypal.com,+1 (440) 923-2376,517l
Feliza,Perl,0 Canary Hill,62457,Červenka,fperl8s@weebly.com,+420 (666) 206-6486,256o
Bryana,Jaegar,102 Schlimgen Road,37745,Baiyan,bjaegar8t@amazon.co.uk,+86 (864) 442-1859,202y
Pearce,Sheffield,16002 Elmside Circle,75794,Ulyanovsk,psheffield8u@domainmarket.com,+7 (745) 178-1157,407g
Merla,Kerrane,69 Quincy Park,69379,Constanza,mkerrane8v@opensource.org,+1 (704) 247-7494,474s
Sergio,Curzey,38269 Morning Place,53667,Tirana,scurzey8w@cnbc.com,+355 (124) 219-9986,638s
Janot,Traise,6533 Havey Park,61251,El Cortezo,jtraise8x@apple.com,+507 (531) 356-4296,645v
Dory,Aylmer,721 2nd Trail,75248,Vila Chã do Monte,daylmer8y@cloudflare.com,+351 (687) 729-3515,325x
Crissy,Itzig,914 Manufacturers Alley,81785,Buenavista,citzig8z@indiegogo.com,+63 (849) 846-2173,072x
Garvin,Will,08 Red Cloud Center,21845,Moyynkum,gwill90@baidu.com,+7 (359) 255-5607,209x
Moise,Olenin,91 Buena Vista Circle,04480,Villa Atamisqui,molenin91@imgur.com,+54 (307) 224-9338,367b
Jolee,Dunan,75 Schmedeman Alley,07227,Ermelo,jdunan92@hugedomains.com,+351 (831) 740-4554,957e
Edi,Sabate,7 Packers Avenue,04912,Hengshan,esabate93@sciencedirect.com,+86 (547) 823-2953,765y
Isadore,Chese,990 Schlimgen Crossing,13563,Kokoshkino,ichese94@odnoklassniki.ru,+7 (217) 558-9663,695q
Hammad,Feeley,07 Rusk Drive,98863,Yanguan,hfeeley95@unblog.fr,+86 (994) 748-3197,047a
Ashlie,Prazer,6 Old Shore Junction,94350,Nahariya,aprazer96@reverbnation.com,+972 (923) 505-7061,802e
Lira,Shutte,73901 Red Cloud Plaza,21493,Hesperange,lshutte97@bizjournals.com,+352 (451) 750-8932,584s
Madalyn,Pryer,484 Oriole Pass,57446,Flushing,mpryer98@home.pl,+1 (917) 795-6709,985t
Nicole,Somerbell,9 Village Green Lane,93208,Penja,nsomerbell99@nymag.com,+237 (317) 907-8131,695c
Chev,Adshede,6 Forest Dale Court,45607,Liulin,cadshede9a@topsy.com,+86 (846) 354-2828,081m
Torrence,Querree,979 Washington Crossing,89583,Dayr Abū Ḑa‘īf,tquerree9b@toplist.cz,+970 (168) 691-2828,094q
Dominic,Vedyashkin,87 West Drive,83745,Malekān,dvedyashkin9c@dailymail.co.uk,+98 (799) 795-2346,270e
Bertie,Pierton,4934 Welch Way,45865,Mniszków,bpierton9d@go.com,+48 (630) 390-8729,209i
Frankie,Cofax,55 Crowley Point,31071,New York City,fcofax9e@eventbrite.com,+1 (212) 949-7851,247w
Jackie,Spark,2700 Kedzie Way,78818,Yongding,jspark9f@unc.edu,+86 (681) 667-2261,859e
Blondelle,Grieveson,2 Lawn Junction,35178,Kidričevo,bgrieveson9g@blogspot.com,+386 (628) 130-4397,990s
Peggie,Dell Casa,9 Magdeline Way,79009,Zhongxiang,pdellcasa9h@reverbnation.com,+86 (122) 614-3322,998x
Ferd,Eakly,50577 Monterey Road,03987,Cambará,feakly9i@ftc.gov,+55 (638) 885-9444,086v
Fraze,Wittke,75 John Wall Drive,66911,Numan,fwittke9j@smh.com.au,+234 (384) 963-5181,523e
Ramona,Humpage,48181 Northport Lane,68258,Saint-Herblain,rhumpage9k@jimdo.com,+33 (861) 612-4991,336p
Alyda,Ubsdell,14 Troy Plaza,20426,Stará Paka,aubsdell9l@upenn.edu,+420 (446) 638-9822,375v
Killie,Corry,35800 Oak Lane,62492,Tambulatana,kcorry9m@bbc.co.uk,+62 (699) 366-6826,985l
Elora,Edelheid,092 Oak Road,65942,Allacapan,eedelheid9n@w3.org,+63 (187) 685-7048,472r
Coretta,Bowkett,55 Vernon Lane,33962,Danirai,cbowkett9o@msu.edu,+62 (781) 530-0936,297e
Dell,Courson,635 Lukken Crossing,41666,Seixo Alvo,dcourson9p@tiny.cc,+351 (411) 716-0276,225o
Hilary,Preddle,8 Coolidge Point,39684,Longde Chengguanzhen,hpreddle9q@merriam-webster.com,+86 (549) 894-1277,761o
Herculie,Mitkin,054 Sloan Plaza,08144,Hiseti,hmitkin9r@google.co.uk,+387 (676) 381-2817,936f
Vivia,Tregian,8 David Avenue,83479,Pershotravneve,vtregian9s@nydailynews.com,+380 (704) 461-8553,832n
Astra,Beaument,97656 Dwight Place,37131,Caringin,abeaument9t@google.cn,+62 (271) 252-2348,497c
Inez,Hoopper,68334 Golf Course Point,48498,Pelasgía,ihoopper9u@domainmarket.com,+30 (690) 480-4506,421h
Shirlene,Orfeur,50607 8th Court,65561,Villa Serrano,sorfeur9v@tmall.com,+591 (601) 451-2767,594l
Camey,Dumberrill,52201 Hollow Ridge Alley,97690,Melres,cdumberrill9w@latimes.com,+351 (122) 697-2246,652b
Ethelbert,Newing,697 Orin Court,58354,Abaza,enewing9x@jalbum.net,+7 (150) 500-2170,432d
Biddy,Curreen,57093 Barnett Park,06629,Sindang,bcurreen9y@163.com,+62 (501) 703-2413,759u
Keary,McIlmorow,998 Kenwood Trail,31253,Changqi,kmcilmorow9z@addthis.com,+86 (161) 931-4684,079d
Dionysus,Benettolo,5814 Springs Court,26410,Krousón,dbenettoloa0@kickstarter.com,+30 (463) 867-6127,583r
Kippie,Monks,597 Corben Alley,51103,Akonolinga,kmonksa1@gov.uk,+237 (623) 753-5728,445q
Maurene,Dowzell,35 Swallow Place,13611,Kebonkaret,mdowzella2@nih.gov,+62 (664) 893-7111,810r
Hildy,Tremellan,97632 Eliot Terrace,61207,Warungtanjung,htremellana3@wsj.com,+62 (848) 125-8178,553s
Geoffrey,Orteau,48 Magdeline Place,07505,Arlöv,gorteaua4@cnet.com,+46 (682) 914-9239,739f
Angelita,Barbey,47665 Lakeland Center,24448,La’ershan,abarbeya5@bluehost.com,+86 (375) 338-5479,764c
Ches,Keuning,3 Anderson Road,06197,Kobarid,ckeuninga6@smugmug.com,+386 (711) 490-4739,066y
Ginevra,Bagot,553 Fremont Street,15511,Pitogo,gbagota7@google.es,+63 (871) 488-0898,938p
Fae,Beetham,11 Elgar Crossing,17305,Lincheng,fbeethama8@cnbc.com,+86 (324) 817-3743,927o
Adaline,Brierley,16 Loomis Road,58231,Suizhong,abrierleya9@springer.com,+86 (105) 180-5576,595i
Gavra,Lindup,951 Northridge Street,19715,Primero de Mayo,glindupaa@auda.org.au,+52 (641) 426-3360,408y
Rora,Twiddell,2906 New Castle Way,67587,Stockholm,rtwiddellab@ucsd.edu,+46 (754) 643-3852,516c
Pate,Ridge,1 Pawling Terrace,01507,Asen,pridgeac@intel.com,+359 (294) 166-5455,059b
Harwell,Showen,20365 Merrick Center,41711,Intibucá,hshowenad@salon.com,+504 (624) 299-3106,527s
Cynde,Baskwell,84125 Charing Cross Alley,97521,Serawai,cbaskwellae@nih.gov,+62 (259) 496-8855,133k
Leonerd,Marshland,09 Norway Maple Street,29034,Dmytrivka,lmarshlandaf@diigo.com,+380 (503) 418-3033,839z
Julienne,Currey,8 Colorado Alley,91740,Rabaul,jcurreyag@123-reg.co.uk,+675 (683) 365-6397,402p
Patrizius,Semaine,04 Sloan Place,68482,Yaransk,psemaineah@craigslist.org,+7 (352) 930-0895,061g
Nickolas,Stood,86578 Fuller Plaza,06305,Bariri,nstoodai@netscape.com,+55 (410) 640-1926,320b
Donaugh,Perocci,25315 Becker Street,33511,Huangyang,dperocciaj@rediff.com,+86 (503) 135-9649,872o
Decca,Skillman,753 Huxley Avenue,93087,Daqiao,dskillmanak@yolasite.com,+86 (213) 358-2708,731b
Alex,Lardge,40184 3rd Way,76937,Tiedonglu,alardgeal@bigcartel.com,+86 (693) 644-9551,022y
Jonathan,Bortolazzi,2387 Veith Park,31901,Hagfors,jbortolazziam@trellian.com,+46 (184) 291-1545,848o
Halli,Baxill,2570 Merry Drive,58328,Viçosa do Ceará,hbaxillan@flickr.com,+55 (486) 917-8900,642g
Brit,Spreadbury,75982 Atwood Hill,66868,Pa Sang,bspreadburyao@fotki.com,+66 (273) 294-8205,972x
Gunther,Leathart,35 Petterle Parkway,98447,Kekeran,gleathartap@soup.io,+62 (945) 208-0143,410b
Arden,Deetlof,2 Forster Road,61918,Mouzáki,adeetlofaq@amazonaws.com,+30 (958) 374-4672,718m
Garvy,Baughn,855 Gateway Point,39571,Chhātak,gbaughnar@instagram.com,+880 (189) 816-3697,480f
Lin,Boulter,5 Southridge Alley,37544,Birayang,lboulteras@wikimedia.org,+62 (503) 878-3793,600p
Morna,Petrovsky,0 Ridgeview Pass,71695,Ningshan Chengguanzhen,mpetrovskyat@imdb.com,+86 (960) 556-7111,699y
Brita,Dumbrall,076 Hooker Trail,13402,Thessaloníki,bdumbrallau@epa.gov,+30 (223) 603-1840,710b
Aveline,Seakin,667 Grim Center,32206,Shilaoren,aseakinav@exblog.jp,+86 (401) 517-2749,422o
Kamila,Fairlie,086 Chive Lane,22603,Vigo,kfairlieaw@skype.com,+34 (839) 638-6492,727j
Licha,Benardeau,0682 Vermont Place,52677,San Luis,lbenardeauax@themeforest.net,+54 (617) 341-4990,541v
Ilario,Chatterton,22 Pennsylvania Plaza,23816,Rennes,ichattertonay@cornell.edu,+33 (905) 170-9395,258j
Lisbeth,Lempel,65542 Arapahoe Lane,34077,Machikou,llempelaz@w3.org,+86 (926) 894-2316,807m
Cory,Gallelli,83036 Elka Way,80820,Dungarvan,cgallellib0@google.com.au,+353 (930) 448-6480,960c
Kippy,Skoyles,575 Clarendon Trail,85003,Afántou,kskoylesb1@simplemachines.org,+30 (594) 446-9472,881t
Arlette,Duesbury,82436 Banding Court,61428,Nagornyy,aduesburyb2@mediafire.com,+7 (349) 104-0788,354e
Anatole,Alenshev,50 Mallory Street,51581,Novobeysugskaya,aalenshevb3@tripadvisor.com,+7 (131) 954-1869,471i
Jemmy,McCorry,5509 Stuart Junction,74289,San Agustin,jmccorryb4@cbsnews.com,+63 (939) 372-5241,419e
Carita,Letchford,62673 Straubel Parkway,22892,Voinjama,cletchfordb5@disqus.com,+231 (145) 689-7761,830j
Jarrid,Maffulli,86004 Kropf Road,81717,Pohrebyshche,jmaffullib6@nih.gov,+380 (799) 318-2131,652m
Kellen,Lembcke,9 Meadow Vale Parkway,84668,Bakulong,klembckeb7@ezinearticles.com,+63 (260) 753-5254,838g
Darsey,Djurevic,64223 Manley Court,37709,Pita Kotte,ddjurevicb8@wikipedia.org,+94 (139) 845-1836,200a
Cathleen,Robbie,3747 Fremont Junction,19427,Shang Boingor,crobbieb9@msn.com,+86 (643) 877-3746,304j
Batholomew,Brashier,0205 Commercial Drive,57364,La Colorada,bbrashierba@state.tx.us,+507 (157) 471-2100,756a
Rudy,Braisby,42571 Meadow Ridge Way,05795,Gouping,rbraisbybb@wordpress.com,+86 (851) 131-4669,853l
Rodrique,Liebermann,8 Northfield Plaza,91390,Xiabeisi,rliebermannbc@stumbleupon.com,+86 (779) 112-5641,884d
Diannne,Scandrite,22667 Lunder Crossing,67143,Pīrgaaj,dscandritebd@wix.com,+880 (242) 149-1145,081i
Jyoti,Stronge,971 Rowland Hill,27654,Gongpo,jstrongebe@webs.com,+86 (194) 457-4462,458q
Darsey,Paff,453 Maple Wood Point,58068,Nove-Misto,dpaffbf@last.fm,+380 (808) 486-2538,576o
Benedetta,Gollin,9 Scoville Street,25830,Duut,bgollinbg@blogtalkradio.com,+976 (339) 521-1166,594p
Hayden,Callery,6 Londonderry Crossing,50641,Santa Maria da Feira,hcallerybh@amazon.co.jp,+351 (554) 737-3002,641j
Pietra,Gorelli,57 Evergreen Terrace,66039,Were,pgorellibi@google.com,+62 (803) 154-0611,278q
Abey,Balmann,47425 Hudson Hill,07195,Wyszogród,abalmannbj@symantec.com,+48 (943) 959-1341,725b
Denni,Croom,25 Kropf Center,57983,San Antonio,dcroombk@scientificamerican.com,+57 (783) 254-1872,951f
Willabella,Sagg,2828 Donald Plaza,16380,Ludwigshafen am Rhein,wsaggbl@artisteer.com,+49 (684) 264-4332,817y
Grantham,Beglin,85 Blackbird Crossing,73919,Dzhetygara,gbeglinbm@mozilla.org,+7 (867) 448-4614,698g
Oren,Ganning,47 Everett Place,13377,Lemenhe,oganningbn@netlog.com,+351 (743) 948-6832,375x
Antoine,Eade,887 North Avenue,17393,Acli,aeadebo@salon.com,+63 (807) 735-7128,115y
Enrichetta,Talboy,32 Tony Hill,15552,Sendangagung,etalboybp@wsj.com,+62 (407) 325-4962,710o
Dale,Derks,76 Lotheville Street,07794,Santa Teresa,dderksbq@walmart.com,+63 (241) 598-6385,333x
Jenilee,Benini,2 Pond Point,70655,Zhangjiaji,jbeninibr@nytimes.com,+86 (360) 724-7718,921a
Elinore,Menham,4 Lunder Pass,27759,Estique,emenhambs@cisco.com,+51 (875) 853-2421,689a
Rice,Twining,7 Marquette Alley,58948,Banjarjo,rtwiningbt@com.com,+62 (697) 932-0943,683i
Nikos,Shubotham,73 Hoard Circle,49839,Ryczywół,nshubothambu@altervista.org,+48 (476) 740-4176,007u
Perceval,Leinweber,4935 Aberg Parkway,36163,Zwolle,pleinweberbv@last.fm,+31 (286) 572-0943,230w
Chrissie,Newberry,710 Division Alley,59653,Kristiansand S,cnewberrybw@yelp.com,+47 (776) 448-1535,707u
Myrna,McLucas,8 Elgar Alley,73652,Karaundi,mmclucasbx@ihg.com,+92 (942) 845-3323,660q
Husain,Stringfellow,7 Kensington Trail,97243,Cibitung,hstringfellowby@forbes.com,+62 (277) 563-1074,766b
Gherardo,Scattergood,2546 Morningstar Hill,45523,Chefchaouene,gscattergoodbz@sohu.com,+212 (644) 153-6848,713y
Zahara,Pybus,075 School Drive,14864,Daloa,zpybusc0@house.gov,+225 (451) 926-6179,346v
Elnora,Berling,48 Troy Alley,14508,Isnos,eberlingc1@odnoklassniki.ru,+57 (524) 319-6189,444o
Ana,Wingar,68689 Portage Alley,87811,Qinshan,awingarc2@redcross.org,+86 (847) 505-1309,451v
Allissa,Dunphy,383 Melvin Place,63898,Auxerre,adunphyc3@gnu.org,+33 (139) 549-7214,856n
Hulda,Eastmead,8298 Schurz Way,48555,Khorinsk,heastmeadc4@smh.com.au,+7 (867) 362-5697,110r
Ivie,Probet,882 Dryden Terrace,80427,Sukorambi,iprobetc5@goo.ne.jp,+62 (510) 118-7833,969v
Wini,Teasey,199 Eliot Road,26549,Roanne,wteaseyc6@slate.com,+33 (164) 528-2835,998f
Doroteya,Kubacek,55522 Jackson Place,55081,Gushikawa,dkubacekc7@artisteer.com,+81 (688) 573-5756,942w
Dennison,Mosten,58 Claremont Place,97207,Josefův Důl,dmostenc8@facebook.com,+420 (526) 258-0106,052g
Catherina,Izaks,7043 Lakewood Gardens Parkway,96800,Curug,cizaksc9@harvard.edu,+62 (664) 253-9802,455g
Eric,Roja,5851 Dexter Way,69098,Robīt,erojaca@photobucket.com,+251 (308) 814-7349,049k
Hedy,Rowthorne,5 Cordelia Circle,09016,Portarlington,hrowthornecb@simplemachines.org,+353 (565) 250-9829,135o
Bernadene,Kropach,90 Menomonie Trail,67988,Maleevsk,bkropachcc@wunderground.com,+7 (963) 830-5076,165x
Abbi,Arnaldi,6 Melody Pass,43673,Talshand,aarnaldicd@squarespace.com,+976 (680) 151-8125,216q
Ina,Brimmell,8416 1st Crossing,45213,Melíki,ibrimmellce@hubpages.com,+30 (686) 539-6049,925p
Redford,Sleany,4831 Hoepker Pass,98269,Gombe,rsleanycf@walmart.com,+256 (887) 661-9616,998e
Ailyn,Loggie,72714 Dottie Park,16416,Všemina,aloggiecg@trellian.com,+420 (996) 710-3505,880p
Maria,Adriaens,1002 Mosinee Parkway,09062,Staraya Toropa,madriaensch@cnn.com,+7 (288) 335-1082,309p
Myer,Lis,66 Dottie Way,42003,Pamplona/Iruña,mlisci@instagram.com,+34 (780) 634-9272,250x
Rafael,Sammon,970 Hoard Junction,35501,Puno,rsammoncj@hatena.ne.jp,+51 (307) 444-8856,346i
Shawn,Krabbe,763 Lukken Drive,01805,Longmen,skrabbeck@si.edu,+86 (462) 780-3846,676p
Mycah,Lohan,9 Red Cloud Junction,40564,Valvedditturai,mlohancl@dot.gov,+94 (405) 517-3595,073j
Flory,Whitnall,593 Starling Court,95690,Nioro du Rip,fwhitnallcm@stumbleupon.com,+221 (588) 511-7783,964g
Dallis,Billings,34936 Arrowood Point,34184,Nanterre,dbillingscn@t-online.de,+33 (282) 457-0061,712d
Wynn,Higbin,44 Almo Park,57222,Bolekhiv,whigbinco@census.gov,+380 (252) 769-3869,091a
Hailey,Cauderlie,3 Veith Road,65312,Baiyan,hcauderliecp@ucoz.com,+86 (209) 496-1531,720i
Irwinn,Bruinemann,15 Warbler Pass,88483,Tunja,ibruinemanncq@buzzfeed.com,+57 (312) 968-1426,422z
Yovonnda,Creavin,70072 Dwight Way,86871,Cisiec,ycreavincr@freewebs.com,+48 (919) 992-1519,325z
Lanna,Tufts,56 Scofield Crossing,05127,Orekhovo-Borisovo Severnoye,ltuftscs@slashdot.org,+7 (792) 688-2763,755l
Reena,Staves,11448 Lien Point,94749,Czarnocin,rstavesct@ox.ac.uk,+48 (918) 319-0289,753i
Valentina,Rimour,41729 Knutson Pass,08455,Chervyen’,vrimourcu@ebay.co.uk,+375 (677) 695-5779,904y
Ganny,Houseman,468 Shelley Place,41106,Duzhou,ghousemancv@cnet.com,+86 (185) 467-9490,459x
Carling,Coghlin,7 Leroy Way,40164,Nansheng,ccoghlincw@ebay.co.uk,+86 (970) 674-6948,142m
Cecily,Maffi,89 Oak Lane,68399,Dongen,cmafficx@addtoany.com,+31 (537) 255-9949,788v
Carey,Mc Giffin,39 Amoth Trail,78723,Łobodno,cmcgiffincy@usda.gov,+48 (281) 165-3052,374k
Casandra,Edgeller,47099 Sloan Trail,16274,Minchinābād,cedgellercz@soundcloud.com,+92 (179) 527-9072,815m
Allie,Giraldez,6 Fairview Road,32095,Goodlands,agiraldezd0@msn.com,+230 (645) 930-4855,962c
Davon,Binford,9 Northview Road,14118,Kukushtan,dbinfordd1@woothemes.com,+7 (806) 169-5251,743o
Gloriane,Rennard,0 Delladonna Alley,61488,Gbadolite,grennardd2@meetup.com,+242 (225) 911-1809,241x
Alastair,Taberer,70 Larry Road,10559,Greeley,atabererd3@tinypic.com,+1 (970) 636-8408,116j
Kylila,Nuscha,182 Havey Circle,54351,Lasusua,knuschad4@flavors.me,+62 (210) 363-9840,272f
Oran,Bengle,0656 Sage Junction,98670,Ximafang,obengled5@theglobeandmail.com,+86 (395) 503-5921,057o
Thornie,Lewinton,28 Southridge Center,80042,Arcos,tlewintond6@dailymail.co.uk,+55 (524) 188-4326,871i
Free,Wintour,45204 Waxwing Junction,80947,Ipoh,fwintourd7@ox.ac.uk,+60 (123) 509-9895,107f
Amalie,Mayberry,17 Hanson Crossing,95655,Leles,amayberryd8@globo.com,+62 (358) 328-9172,569p
Ulric,Copeland,91682 Amoth Alley,37395,Burayevo,ucopelandd9@joomla.org,+7 (943) 855-7126,312p
Crystie,But,46715 Fordem Terrace,06727,Andir,cbutda@sina.com.cn,+62 (230) 594-2535,185f
Margret,Gullis,4 Pierstorff Center,29671,Ḩabūr,mgullisdb@instagram.com,+967 (755) 990-0206,438t
Myrtle,Digges,2 Algoma Crossing,47869,Semibratovo,mdiggesdc@sohu.com,+7 (263) 720-4515,465l
Myrtia,Kerbler,77439 Cardinal Crossing,64541,Wulin,mkerblerdd@psu.edu,+86 (433) 620-8122,489f
Elvira,Manoelli,003 Pawling Court,55884,Lebedyn,emanoellide@surveymonkey.com,+380 (601) 490-7376,954w
Iorgo,Gottelier,29013 Sugar Avenue,78267,Trondheim,igottelierdf@netvibes.com,+47 (121) 325-8222,625e
Cameron,Taphouse,869 Service Place,18757,Oak Bay,ctaphousedg@home.pl,+1 (773) 100-8930,989k
Darby,Tomaskov,84 Division Circle,50807,Bjärred,dtomaskovdh@free.fr,+46 (771) 831-2454,583w
Zarla,Harkus,0 Pawling Road,12297,Hlusk,zharkusdi@weather.com,+375 (556) 658-5809,496v
Kippy,Bartzen,3 Jay Place,64630,Surenavan,kbartzendj@technorati.com,+374 (229) 704-2574,172s
Buddie,Weerdenburg,80 Clarendon Center,48418,Nkongsamba,bweerdenburgdk@netvibes.com,+237 (482) 187-4264,846d
Dolf,Filppetti,7827 Brickson Park Drive,76761,Maoya,dfilppettidl@nature.com,+86 (945) 849-1802,928v
Cathlene,Dowdall,40843 North Road,05331,Paya Dapur,cdowdalldm@tinyurl.com,+62 (189) 756-7497,325n
Augie,Crampsey,5536 Farragut Street,25300,Tancheng,acrampseydn@joomla.org,+86 (532) 159-6592,818b
Enos,McCague,9 Ronald Regan Parkway,41297,Kedungkrajan,emccaguedo@ted.com,+62 (565) 118-6051,442a
Wendye,Domingues,370 Fieldstone Way,12010,Pisão,wdominguesdp@accuweather.com,+351 (858) 569-2664,972a
Druci,Lamborn,31 Rowland Way,30858,Petřvald,dlamborndq@soup.io,+420 (612) 734-4994,974r
Christopher,Christiensen,73563 Talmadge Junction,58025,Liaobu,cchristiensendr@example.com,+86 (205) 873-5927,543v
Lyda,Fallen,95 Bultman Park,73669,Yongfa,lfallends@goo.ne.jp,+86 (676) 984-4354,937p
Leigh,Tottle,2 Wayridge Terrace,42909,Yumaguzino,ltottledt@nymag.com,+7 (881) 346-5781,070v
Bonnie,Partrick,4 Arkansas Hill,70715,Bato,bpartrickdu@multiply.com,+63 (246) 522-3916,815i
Cherey,Frayling,31 Vahlen Point,59224,Magoúla,cfraylingdv@yellowpages.com,+30 (652) 949-8627,834t
Morgan,Cossans,603 Talisman Plaza,34079,Puerto Berrío,mcossansdw@kickstarter.com,+57 (862) 189-8958,924r
Kingsly,Phettis,0 Aberg Plaza,97299,Zambujal,kphettisdx@npr.org,+351 (140) 163-6089,463s
Zorine,Odams,3 Corscot Alley,23031,Boulder,zodamsdy@eventbrite.com,+1 (720) 337-5019,941z
Woodrow,Chafney,5 Burning Wood Circle,91321,Iowa City,wchafneydz@naver.com,+1 (319) 602-6273,528e
Ezri,Clearley,93 Waubesa Road,75198,Rosso,eclearleye0@sakura.ne.jp,+221 (328) 588-3789,074s
Tuckie,Pedwell,1 Grim Trail,26764,Zhangzhishan,tpedwelle1@acquirethisname.com,+86 (613) 135-2049,107x
Fiorenze,Lesley,3001 Lien Avenue,41099,Sungai Raya,flesleye2@cornell.edu,+62 (504) 811-6040,798p
Ardelle,Terbruggen,3312 Toban Court,90564,Chuncheng,aterbruggene3@ask.com,+86 (957) 455-1271,797y
Weston,Bront,52 Upham Way,96652,Kungsbacka,wbronte4@aol.com,+46 (490) 868-6681,845l
Doria,Lapley,887 Vahlen Way,09184,Karangampel,dlapleye5@hibu.com,+62 (210) 342-7067,314z
Cornell,Ojeda,949 Loftsgordon Way,37355,Shimeitang,cojedae6@archive.org,+86 (336) 705-5613,268f
Darby,Longley,4 Stuart Drive,36767,Tanjungpecinan Utara,dlongleye7@github.com,+62 (174) 715-6653,221i
Elton,Worms,6 Eagle Crest Avenue,92471,Daixi,ewormse8@xinhuanet.com,+86 (891) 266-3365,312e
Walt,Gook,7684 Jackson Drive,97494,Cam Ranh,wgooke9@buzzfeed.com,+84 (391) 581-5334,081f
Tamiko,Aukland,15 Doe Crossing Way,87409,Pasirmalang,tauklandea@printfriendly.com,+62 (722) 834-3326,668l
Francesca,Bartelli,54087 Paget Alley,96800,Daireaux,fbartellieb@businessweek.com,+54 (186) 490-6564,812n
Barde,Layzell,9448 Springview Street,05916,Fuan,blayzellec@sakura.ne.jp,+62 (562) 500-6505,780i
Nikolos,Capelin,63279 Monica Point,83416,Shakhun’ya,ncapelined@umn.edu,+7 (558) 827-9482,889g
Valry,Crown,50 Dexter Circle,99205,Heping,vcrownee@csmonitor.com,+86 (213) 686-0707,737v
Kendrick,Durkin,1983 Annamark Junction,17974,Tygda,kdurkinef@mail.ru,+7 (354) 669-4832,619t
Ber,Lace,884 Ilene Trail,66625,Zaymishche,blaceeg@whitehouse.gov,+7 (837) 549-1743,388m
Wesley,Olivet,91516 Jana Point,60519,Zoumi,woliveteh@wikispaces.com,+212 (135) 406-7603,642w
Kati,Parsonson,31 Red Cloud Center,68917,Florencia,kparsonsonei@macromedia.com,+57 (800) 628-3319,510k
Hiram,Dunnett,397 Mariners Cove Circle,84341,Raczki,hdunnettej@google.de,+48 (285) 721-9580,081w
Carlin,Haythorne,5463 Lake View Parkway,80362,Hudong,chaythorneek@zdnet.com,+86 (546) 279-7281,820q
Eduard,Grabban,9 Fair Oaks Road,17219,Kedungtulup,egrabbanel@chron.com,+62 (265) 940-3572,688j
Osbert,Skuce,997 Reindahl Hill,58459,Şaḩneh,oskuceem@theglobeandmail.com,+98 (431) 787-3405,246n
Read,Burchatt,6300 Crest Line Pass,66426,Laoag,rburchatten@topsy.com,+63 (140) 105-8789,416g
Gerardo,Darell,17 Dottie Trail,87275,Tây Hồ,gdarelleo@scribd.com,+84 (878) 196-7117,861l
Ardene,McParlin,2726 Northfield Terrace,33823,Baota,amcparlinep@freewebs.com,+86 (243) 952-4878,776a
Aili,Moorman,9578 Petterle Point,17322,Santa Maria Oliveira,amoormaneq@elpais.com,+351 (184) 655-3013,936t
Bard,Menichino,0921 Maple Alley,08734,Sulyukta,bmenichinoer@miitbeian.gov.cn,+996 (821) 231-7630,422c
Shadow,Stachini,30520 Northview Drive,65444,Sevsk,sstachinies@wunderground.com,+7 (308) 736-6606,836o
Amata,Volant,5 Lukken Road,40750,Vidin,avolantet@123-reg.co.uk,+359 (583) 194-3760,651h
Granger,Witsey,57536 Monument Plaza,05798,Krasnodon,gwitseyeu@github.com,+380 (305) 864-9439,488v
Kaylyn,Conduit,222 Erie Point,92812,Nogueira do Cravo,kconduitev@t.co,+351 (437) 535-3248,996v
Jules,Witard,2 Nevada Pass,58652,Laugar,jwitardew@multiply.com,+354 (113) 631-6050,534f
Morley,Beever,47 Arkansas Junction,27707,Kanaya,mbeeverex@google.com,+81 (682) 815-4891,060x
Cleavland,Clynman,275 Vermont Point,57625,Malian,cclynmaney@state.gov,+86 (378) 903-9051,015t
Hernando,Azema,1140 Victoria Court,21656,Liufang,hazemaez@senate.gov,+86 (320) 345-0036,674q
Artemus,McNysche,48965 Dapin Point,95117,Tempuran,amcnyschef0@about.me,+62 (691) 457-1735,283a
Onida,Giametti,88 Sage Alley,90828,Nyagan,ogiamettif1@discuz.net,+7 (947) 140-7001,155p
Hamid,Schulze,617 Eagan Circle,01535,Mġarr,hschulzef2@narod.ru,+356 (639) 909-7118,513k
Paola,Halm,1308 Vernon Lane,23672,Embalse,phalmf3@chicagotribune.com,+54 (502) 377-8841,594o
Dode,Backshall,898 Canary Crossing,35181,Umeå,dbackshallf4@facebook.com,+46 (830) 991-1497,270q
Rebekah,Hattiff,50 Quincy Hill,15776,Shiniujiang,rhattifff5@plala.or.jp,+86 (149) 398-9148,181d
Emelyne,Breitling,85 Talisman Terrace,18180,Konārak,ebreitlingf6@rakuten.co.jp,+98 (824) 355-7607,130u
Valina,Denzey,610 Mariners Cove Terrace,84694,Hāfizābād,vdenzeyf7@cargocollective.com,+92 (192) 522-7093,064m
Zulema,Cawker,417 Schmedeman Hill,79613,Shilipu,zcawkerf8@shop-pro.jp,+86 (773) 959-6131,211p
Ronny,Heinish,72 Briar Crest Plaza,85115,Omīdcheh,rheinishf9@e-recht24.de,+98 (242) 830-7108,911y
Harrie,Middlewick,6776 Dahle Parkway,90402,Faaa,hmiddlewickfa@merriam-webster.com,+689 (523) 548-1911,330c
Bonny,Epperson,659 Mosinee Hill,63136,Sengeti,beppersonfb@mail.ru,+62 (730) 751-7953,333v
Giffy,Ponnsett,29 Killdeer Hill,59846,Mata Grande,gponnsettfc@tiny.cc,+55 (449) 638-9071,404v
Adan,Bruins,74 Graedel Crossing,78194,Blangkejeren,abruinsfd@google.es,+62 (556) 540-6752,788j
Peder,Bazylets,45 Alpine Point,27038,Guangyi,pbazyletsfe@apache.org,+86 (883) 284-5685,422v
Melli,Kelcey,85997 Bunker Hill Point,37218,Bogi,mkelceyff@opensource.org,+62 (360) 851-2261,557w
Murdoch,Darville,91 Hanover Crossing,06546,Volodars’k-Volyns’kyy,mdarvillefg@blogtalkradio.com,+380 (648) 419-5851,625e
Barty,Piche,48 Steensland Way,50555,Independencia,bpichefh@tamu.edu,+52 (605) 129-1466,320a
Sigrid,McChesney,4 Elgar Place,41180,Saltsjö-Boo,smcchesneyfi@admin.ch,+46 (417) 138-4205,902a
Claire,Spaunton,915 Mariners Cove Alley,32031,Karangasem,cspauntonfj@soup.io,+62 (270) 130-0672,306w
Colette,Palfreeman,399 Anzinger Terrace,49463,Julita,cpalfreemanfk@webeden.co.uk,+63 (434) 344-4258,566c
Inna,Matt,5376 Paget Pass,63406,Becerril,imattfl@cdbaby.com,+63 (253) 854-5626,393w
Kelcie,Sirett,16866 Brentwood Drive,86304,Janakkala,ksirettfm@java.com,+358 (958) 897-6099,802x
Heriberto,Giles,21093 Almo Parkway,82082,Capira,hgilesfn@g.co,+507 (602) 332-4487,800d
Rory,Luxford,56704 Evergreen Road,37051,Zagórów,rluxfordfo@ezinearticles.com,+48 (475) 416-5604,409h
Meghan,Jackes,05015 Clove Lane,24490,Sobreira,mjackesfp@japanpost.jp,+351 (631) 478-0897,234d
Fallon,Barkley,150 Eagan Crossing,02173,Veřovice,fbarkleyfq@nhs.uk,+420 (461) 829-3989,267j
Orsola,Eastridge,4 Mayer Alley,38387,Santiago de Subrrifana,oeastridgefr@tamu.edu,+351 (119) 953-0525,057z
Julina,Luparto,80146 Debra Park,07648,Zhishan,jlupartofs@deliciousdays.com,+86 (563) 133-9573,634g
Abramo,Andreas,83 Schmedeman Place,93035,Géfyra,aandreasft@soundcloud.com,+30 (833) 146-1586,648q
Bradley,Wadforth,519 Ronald Regan Court,98706,Lagoa,bwadforthfu@unesco.org,+351 (367) 845-8611,244u
Sapphira,Zarfai,7 Sage Way,75324,Laâyoune / El Aaiún,szarfaifv@google.com.hk,+212 (478) 210-2005,253f
Keen,Mulholland,494 Carioca Circle,10620,Carauari,kmulhollandfw@is.gd,+55 (413) 243-6710,476w
Vern,Parmley,78920 Messerschmidt Drive,95977,Shuanghe,vparmleyfx@cnn.com,+86 (483) 785-4459,264s
Renate,Mitten,452 Kings Plaza,43264,Al Buţayḩah,rmittenfy@t.co,+963 (391) 811-1376,021h
Burt,Muzzlewhite,6303 East Plaza,23717,Al Fūlah,bmuzzlewhitefz@simplemachines.org,+249 (816) 220-1267,631d
Doll,Venner,235 Cottonwood Center,59666,Slavkov u Brna,dvennerg0@macromedia.com,+420 (485) 910-1229,416a
Ettie,Govini,15 Talisman Trail,80909,Gaoshan,egovinig1@istockphoto.com,+86 (707) 434-9960,039u
Rich,Inderwick,43 Hermina Lane,20500,Marau,rinderwickg2@pbs.org,+55 (384) 397-4667,703u
Danya,Maben,24181 Grover Lane,92850,Wantou,dmabeng3@e-recht24.de,+86 (113) 681-3129,519c
Tiebold,Abela,759 Lyons Pass,21004,Shāhpur,tabelag4@dion.ne.jp,+92 (181) 731-4709,700m
Vida,Gomme,7 Spohn Road,85450,Rafael Hernandez Ochoa,vgommeg5@mlb.com,+52 (258) 864-8587,864a
Fabio,Eynaud,5722 Del Mar Way,64458,Sentul,feynaudg6@opensource.org,+62 (127) 474-2821,812v
Errol,Woodes,68 Northland Avenue,02619,Orléans,ewoodesg7@miitbeian.gov.cn,+33 (193) 405-7940,203t
Mitzi,Pikhno,75299 Arizona Place,79376,Wanshi,mpikhnog8@cbsnews.com,+86 (291) 528-2222,927c
Rana,Dillway,03400 Kenwood Pass,45028,Ciudad Bolívar,rdillwayg9@wordpress.com,+57 (679) 983-2029,259m
Nial,Vallack,6 Reinke Drive,72468,Dayuan,nvallackga@imgur.com,+86 (839) 302-5547,158c
Desi,Gouldthorp,3 Onsgard Street,93268,Dongshangguan,dgouldthorpgb@furl.net,+86 (974) 815-9844,613q
Morey,De Francesco,43 Walton Crossing,85089,Dzików Stary,mdefrancescogc@newsvine.com,+48 (332) 348-8076,726r
Barri,Orman,218 Chive Place,27455,Pavlodar,bormangd@hexun.com,+7 (613) 108-0211,867q
Essy,McManamen,72148 Brentwood Alley,87775,Göteborg,emcmanamenge@surveymonkey.com,+46 (109) 606-6093,948y
Gauthier,Jarratt,80429 Schiller Center,80044,Thành Phố Uông Bí,gjarrattgf@engadget.com,+84 (106) 360-1116,944n
Julee,Bunton,86140 Kipling Terrace,86727,Krajan Menggare,jbuntongg@marriott.com,+62 (177) 825-2480,478e
Hyacinthe,Tripon,3315 Kensington Place,52606,Uruobo-Okija,htripongh@samsung.com,+234 (414) 776-6531,671t
Huntington,Calley,504 Dunning Plaza,64517,Yala,hcalleygi@sina.com.cn,+66 (861) 767-1840,817p
Joya,Flipek,532 Sugar Circle,28826,Ma’ao,jflipekgj@cdbaby.com,+86 (658) 701-1185,119a
Wilona,Alen,93 Northridge Crossing,39803,Ponggok,walengk@sciencedirect.com,+62 (907) 380-6203,856j
Stace,Vamplers,4 Myrtle Center,57838,Ivanava,svamplersgl@free.fr,+375 (588) 721-8747,376g
Damita,Vagg,18306 Sherman Lane,35509,Rogoźnik,dvagggm@vkontakte.ru,+48 (580) 887-1329,035f
Nikolaus,Gonnel,314 Arkansas Crossing,72485,Petushki,ngonnelgn@baidu.com,+7 (190) 753-9245,631s
Marya,McElree,8 Stang Park,94188,Rayevskiy,mmcelreego@bigcartel.com,+7 (470) 674-5731,699u
Arel,Jiroutka,60 Crest Line Place,22642,Montpellier,ajiroutkagp@zdnet.com,+33 (527) 909-7087,193n
Lorrie,Bourget,6777 John Wall Place,81610,Hengfan,lbourgetgq@free.fr,+86 (232) 138-4469,138s
Hilton,Hallam,6445 Dwight Lane,17237,Genève,hhallamgr@imgur.com,+41 (210) 688-4479,053y
Ammamaria,Klezmski,68253 Pearson Place,96020,Itaperuçu,aklezmskigs@adobe.com,+55 (938) 397-8695,642k
Xaviera,Clew,491 Norway Maple Lane,72235,Sibulan,xclewgt@irs.gov,+63 (607) 297-8152,273d
Gaylene,Falco,70 Dayton Way,98315,Horad Rechytsa,gfalcogu@hexun.com,+375 (910) 203-7672,999c
Windy,Pettyfar,62 Anthes Crossing,31677,Araraquara,wpettyfargv@moonfruit.com,+55 (400) 712-6534,119p
Corly,Croxon,58 Evergreen Trail,54236,Pacaembu,ccroxongw@discovery.com,+55 (950) 594-2278,898c
Adena,Tootin,85 Bay Plaza,78491,Comalapa,atootingx@cnn.com,+502 (777) 280-9455,290a
Frankie,Rilings,182 Sloan Park,24499,Caldas da Rainha,frilingsgy@parallels.com,+351 (321) 718-1970,647l
Agnese,Twell,0 Springs Pass,43204,Banjar Laing,atwellgz@squidoo.com,+62 (884) 323-4677,095d
Caitlin,Morratt,35775 Valley Edge Parkway,57218,Matviyivka,cmorratth0@e-recht24.de,+380 (783) 617-4722,342y
Georgianna,Dullard,056 Hazelcrest Crossing,17952,Menongue,gdullardh1@bbb.org,+244 (610) 944-7642,350n
Lenna,Rusted,08 Green Hill,92513,Gonça,lrustedh2@cbc.ca,+351 (734) 863-5257,302l
Rosemary,Wickins,35542 Sundown Parkway,84631,Karlstad,rwickinsh3@ox.ac.uk,+46 (738) 561-1294,455g
Basile,MacKim,439 Golf View Crossing,54259,Ad Dujayl,bmackimh4@hatena.ne.jp,+964 (777) 961-5840,013c
Adelina,Kirkam,52618 Alpine Trail,77090,Quilpué,akirkamh5@unblog.fr,+56 (221) 887-6069,451i
Nicoline,Sharland,7870 Pearson Alley,87498,Dongjiahe,nsharlandh6@studiopress.com,+86 (959) 771-3670,524d
Wilma,Toovey,59474 Texas Hill,42366,Dongdu,wtooveyh7@naver.com,+86 (414) 871-5707,765e
Pam,Selland,97692 Clove Center,66912,Cihaladan,psellandh8@is.gd,+62 (601) 896-0148,089t
Celestia,Wiggington,62580 Helena Pass,10351,Sapouy,cwiggingtonh9@homestead.com,+226 (907) 180-0260,061x
Blair,McGuckin,04051 Carpenter Terrace,48192,Palmasola,bmcguckinha@edublogs.org,+58 (354) 785-7532,977x
Jodee,Beavan,20 Grayhawk Avenue,93039,Xinpo,jbeavanhb@geocities.com,+86 (423) 903-2434,246o
Lucio,Spreadbury,142 Everett Alley,17610,Liancheng,lspreadburyhc@dailymotion.com,+86 (866) 232-8220,374m
Hallie,Tackley,4 Trailsway Plaza,10571,Cepões,htackleyhd@trellian.com,+351 (643) 133-0617,051a
Cos,Mallon,33623 Continental Pass,79837,Santander,cmallonhe@constantcontact.com,+34 (130) 225-1704,288z
Lorne,Jeens,4 Garrison Crossing,39659,Wengaingo,ljeenshf@nba.com,+62 (634) 237-2743,150l
Estrellita,Sawnwy,6310 Hayes Circle,34673,Zhongtai,esawnwyhg@tripod.com,+86 (740) 528-5810,517f
Kat,Pymar,114 Service Point,90112,Xiangdong,kpymarhh@craigslist.org,+86 (470) 406-8837,952v
Oren,Holyard,93 Harbort Drive,51288,Fale old settlement,oholyardhi@fastcompany.com,+690 (524) 941-2596,144n
Kenna,Dimond,9084 Homewood Point,18608,Sayang Lauq,kdimondhj@digg.com,+62 (307) 602-7822,704w
Trish,MacAnulty,86 Eastwood Lane,29551,Pangalangan,tmacanultyhk@discovery.com,+62 (315) 903-1739,085r
Federica,Verick,72 Katie Road,25984,Ural,fverickhl@i2i.jp,+7 (400) 731-5041,727d
Shepherd,Constanza,17794 Graceland Way,08708,Shuanghe,sconstanzahm@godaddy.com,+86 (684) 385-8230,767q
Consuelo,Duddell,67 Sage Pass,32574,Sukabatu,cduddellhn@ucsd.edu,+62 (961) 854-3854,728c
Adey,Giovanardi,61 Eliot Road,27597,Khantaghy,agiovanardiho@digg.com,+7 (552) 146-7728,153l
Hillie,Keywood,9554 Warner Terrace,75541,Gérakas,hkeywoodhp@reverbnation.com,+30 (445) 510-4859,060o
Vinita,Menloe,4 Red Cloud Terrace,94615,Nanqiao,vmenloehq@epa.gov,+86 (383) 682-7144,459k
Godiva,Tolworthie,9 Crest Line Parkway,44468,Zamora,gtolworthiehr@t-online.de,+593 (711) 175-4950,277z
Fred,Hunter,263 Straubel Drive,19001,Xinhe,fhunterhs@weather.com,+86 (778) 141-9547,684c
Fanchette,Kiljan,658 Jay Road,58317,Mattawa,fkiljanht@yelp.com,+1 (891) 938-1795,605r
Camala,Aikenhead,36014 Buhler Lane,41730,Steinkjer,caikenheadhu@4shared.com,+47 (155) 772-4574,407f
Chrystel,Farnham,63625 Ilene Road,15714,Ros’,cfarnhamhv@google.ru,+375 (516) 600-4241,716k
Dorella,Samples,4011 Fuller Avenue,06435,Paranho,dsampleshw@macromedia.com,+351 (732) 363-8469,903w
Adelina,Emloch,072 Melby Alley,74244,Isehara,aemlochhx@mysql.com,+81 (759) 169-9501,039p
Marcel,Marlen,35 Victoria Trail,50213,Guáimaro,mmarlenhy@ucla.edu,+53 (401) 514-5997,394b
Berton,Mayhew,272 Grayhawk Point,61449,San Jose,bmayhewhz@wordpress.com,+63 (822) 417-2579,768s
Debbie,Betje,8295 Roxbury Lane,03174,Alepoú,dbetjei0@so-net.ne.jp,+30 (509) 856-4787,372p
Joell,Bang,90606 Carey Park,17091,Dawuhan,jbangi1@army.mil,+62 (203) 829-0789,308z
Pamella,Code,4 Monterey Alley,14259,Pingyang,pcodei2@1und1.de,+86 (943) 488-6078,643r
Giuseppe,Dowles,0854 Alpine Park,31079,Alagoinhas,gdowlesi3@acquirethisname.com,+55 (692) 212-3841,656m
Junie,Boice,92513 5th Trail,53173,Nesterov,jboicei4@nba.com,+7 (727) 535-1071,714h
Padgett,Hoff,3 Clarendon Drive,43458,Jiujie,phoffi5@answers.com,+86 (280) 247-8995,452q
Biron,Poli,0 Chinook Lane,82296,Färjestaden,bpolii6@barnesandnoble.com,+46 (638) 937-6336,217i
Allison,Goricke,831 Spohn Plaza,22084,Yamaga,agorickei7@nasa.gov,+81 (784) 731-0246,336y
Madlen,Kilbee,047 West Park,83121,Suzaka,mkilbeei8@forbes.com,+81 (366) 959-5484,051c
Vicki,Croisdall,285 Scoville Plaza,43474,Perlez,vcroisdalli9@booking.com,+381 (118) 119-4758,243b
Cristi,Thorby,00664 Eastwood Pass,64418,Dushu,cthorbyia@sakura.ne.jp,+86 (129) 603-0086,797k
Vernor,Coetzee,64 Scoville Drive,18824,Ḩalwān,vcoetzeeib@craigslist.org,+20 (325) 877-3718,885t
Modesta,Szubert,0694 Warbler Avenue,70548,Tolkmicko,mszubertic@ebay.com,+48 (995) 605-3010,727h
Nobe,Gianinotti,320 Sullivan Center,40864,Sukaraharja,ngianinottiid@wp.com,+62 (751) 723-3150,616p
Clayborn,Palfreeman,6712 Mccormick Way,76176,Biqiao,cpalfreemanie@bandcamp.com,+86 (782) 421-3640,040w
Madeleine,Statham,259 Dennis Terrace,01466,Zhuji,mstathamif@netlog.com,+86 (381) 468-9631,660j
Lambert,Ronisch,92 Dwight Road,98543,Hekou,lronischig@chronoengine.com,+86 (805) 228-8047,202a
Othello,Corkhill,62863 Morrow Terrace,81182,Capissayan Sur,ocorkhillih@twitpic.com,+63 (324) 627-3886,774e
Jolyn,Reeder,38837 Arrowood Junction,08586,Lewoduli,jreederii@cmu.edu,+62 (848) 253-2642,555k
Wyatt,Mashro,0757 Rigney Park,47986,Xindeng,wmashroij@apple.com,+86 (231) 738-2990,394c
Flemming,Maynard,3 Blackbird Circle,45076,Tsukuba,fmaynardik@canalblog.com,+81 (252) 126-7882,818b
Genna,Brandes,1787 Arkansas Alley,42521,Zhangyelu,gbrandesil@hhs.gov,+86 (967) 135-1102,380x
Bridget,Laugherane,5025 Huxley Street,39226,Osasco,blaugheraneim@dmoz.org,+55 (591) 548-2669,826g
Melonie,Carsey,91 Lakewood Gardens Alley,83668,Działoszyce,mcarseyin@usa.gov,+48 (216) 650-0982,834w
Irwin,Wherrit,9142 Maple Terrace,29065,Haz-Zebbug,iwherritio@cdbaby.com,+356 (601) 681-0635,944r
Felice,D'Aeth,8899 La Follette Avenue,17503,Lampari,fdaethip@amazon.co.uk,+63 (430) 778-0603,616z
Katrine,Dutnall,28 Cordelia Place,78993,Batujaran,kdutnalliq@tripadvisor.com,+62 (715) 273-8968,472y
Myrtle,Lampl,6129 Crest Line Park,24488,Lancai,mlamplir@reddit.com,+86 (917) 639-8056,650i
Cassandra,Raper,6754 Mccormick Pass,15611,Wiang Chiang Rung,craperis@berkeley.edu,+66 (714) 812-6651,746y
Bebe,Jossel,8 Barnett Pass,79080,Tafo,bjosselit@army.mil,+233 (457) 530-8551,682s
Phedra,Ferandez,39 Veith Circle,07622,Somanda,pferandeziu@europa.eu,+255 (444) 122-1075,287m
Jerry,Tease,0150 Thackeray Court,05361,Paris 20,jteaseiv@ehow.com,+33 (207) 211-9276,950f
Bess,Congrave,8 Huxley Center,60864,Sirib,bcongraveiw@ameblo.jp,+63 (198) 439-3427,246c
Brenna,Walstow,0 Monument Pass,83991,Xiaochi,bwalstowix@blogger.com,+86 (259) 126-7075,971j
Karry,Stubbeley,44 Knutson Trail,61468,Ordzhonikidze,kstubbeleyiy@amazonaws.com,+7 (977) 342-6182,900j
Ardys,Beyn,7589 Bluestem Place,52021,Memphis,abeyniz@loc.gov,+1 (901) 472-0226,785c
Mariellen,Filler,2 Thackeray Junction,72333,Arnage,mfillerj0@seesaa.net,+33 (848) 260-1665,449x
Kippie,O'Halligan,329 Vera Lane,26779,Patiya,kohalliganj1@msn.com,+880 (896) 611-2224,869n
Marjy,Salandino,628 Magdeline Pass,13357,Richmond,msalandinoj2@clickbank.net,+1 (571) 953-2058,203r
Derick,Tyrie,5193 Northview Place,58436,Pesek,dtyriej3@opera.com,+62 (677) 943-0181,630g
Gayel,Siddon,36819 Graedel Street,27654,Maszewo Duże,gsiddonj4@gnu.org,+48 (457) 229-7593,121m
Lotta,Bengough,2448 Springs Trail,88665,Pedamaran,lbengoughj5@pagesperso-orange.fr,+62 (921) 993-3352,576x
Aubrey,Westrip,892 Cottonwood Circle,83020,Weetombo,awestripj6@oakley.com,+62 (835) 978-7409,474t
Craggy,Kunzelmann,67142 Donald Pass,93144,Mamara,ckunzelmannj7@globo.com,+51 (211) 596-1596,111o
Deane,Scheffler,34764 Badeau Lane,32562,Jimusa’er,dschefflerj8@examiner.com,+86 (635) 178-6336,649o
Toddy,Champain,37212 Warrior Circle,73853,Trnovlje pri Celju,tchampainj9@about.me,+386 (733) 282-9479,387y
Hazel,Forrest,0 Lakewood Plaza,08842,Gandorhun,hforrestja@disqus.com,+232 (476) 402-1725,386y
Moses,Matches,01940 Myrtle Parkway,69718,Taounza,mmatchesjb@so-net.ne.jp,+212 (687) 817-8400,124r
Kristen,Folbige,3 Laurel Terrace,08867,Jiashan,kfolbigejc@salon.com,+86 (314) 682-3079,493r
Kally,Turn,46907 Laurel Hill,59294,Miyakonojō,kturnjd@weibo.com,+81 (524) 139-0901,295m
Constantino,Malloch,7 Anzinger Parkway,16244,Maoqitun,cmallochje@eventbrite.com,+86 (764) 242-1268,718z
Trixy,O'Coskerry,8 Florence Plaza,69288,Askersund,tocoskerryjf@canalblog.com,+46 (177) 758-8063,782h
Rivi,Farragher,8 Grasskamp Pass,52128,Göteborg,rfarragherjg@usatoday.com,+46 (327) 654-2245,264f
Moselle,Battey,9 Holy Cross Parkway,93756,Balqash,mbatteyjh@last.fm,+7 (312) 900-3212,637m
Berky,Ding,8201 Waubesa Street,66157,Kuala Lumpur,bdingji@state.tx.us,+60 (716) 905-2075,496m
Nalani,Melluish,58 Raven Drive,07426,Nizami,nmelluishjj@so-net.ne.jp,+374 (392) 789-7455,660h
Nicko,Connock,7167 West Court,60732,Torres Novas,nconnockjk@statcounter.com,+351 (793) 324-6776,092r
Jone,Shobrook,4734 Sunnyside Court,33248,Noailles,jshobrookjl@taobao.com,+33 (121) 582-1695,680k
Ragnar,Carbry,4949 Norway Maple Circle,46816,Jamalteca,rcarbryjm@bbc.co.uk,+504 (761) 292-5646,637k
West,Pilling,459 Packers Pass,86710,Labnig,wpillingjn@ft.com,+63 (519) 911-9005,691g
Nerissa,Honnicott,28429 La Follette Avenue,12601,Boaco,nhonnicottjo@artisteer.com,+505 (837) 258-3328,498n
Anastasie,Okill,3978 Northridge Trail,24134,Cerro,aokilljp@boston.com,+53 (338) 419-4367,369x
Jules,Ackeroyd,57 Eliot Point,93153,Kashima-shi,jackeroydjq@vkontakte.ru,+81 (783) 817-2260,117j
Opaline,Willingam,7 Bunker Hill Drive,08259,Old Harbour Bay,owillingamjr@rediff.com,+1 (492) 252-1429,232c
Theresa,Vowells,73 Sauthoff Center,39789,Yangzi,tvowellsjs@weebly.com,+86 (359) 789-5929,711j
Jerrilyn,Hollyman,28 Bartillon Terrace,60179,Qiaotou,jhollymanjt@discovery.com,+86 (870) 287-3007,796q
Collete,Germaine,0578 Colorado Way,77330,Cát Bà,cgermaineju@cocolog-nifty.com,+84 (504) 248-3164,288o
Bendicty,Monkman,850 Goodland Road,37085,Leuburi,bmonkmanjv@cnbc.com,+62 (113) 596-9409,738d
Carey,Kemmer,421 Heath Trail,95520,Rogowo,ckemmerjw@google.nl,+48 (997) 329-1711,491h
Emlynne,Jannequin,02786 Milwaukee Crossing,84381,Majagual,ejannequinjx@ed.gov,+1 (719) 321-8586,176v
Diann,Netherwood,5914 Lindbergh Crossing,26752,Sobienie Jeziory,dnetherwoodjy@friendfeed.com,+48 (769) 610-8543,578k
Nita,Lalonde,036 Johnson Crossing,53114,Hendījān,nlalondejz@rakuten.co.jp,+98 (680) 815-6706,067s
Farah,Horley,135 Erie Lane,76224,Tayug,fhorleyk0@census.gov,+63 (684) 772-8195,129c
Cassius,Prugel,89 Kipling Place,88846,Changjiang,cprugelk1@aboutads.info,+86 (659) 886-1231,284o
Angele,Preece,311 Dexter Junction,64328,Chengzhong,apreecek2@networksolutions.com,+86 (486) 330-8081,372a
Chrystal,Buche,185 Harper Terrace,40754,Triandría,cbuchek3@mayoclinic.com,+30 (466) 132-2530,747i
Debbie,Tapper,44952 Northridge Plaza,86506,Bang Kruai,dtapperk4@livejournal.com,+66 (760) 772-6800,447m
Bernete,Hug,7150 Dayton Pass,30355,Wonosari,bhugk5@facebook.com,+62 (471) 322-6918,411k
Gino,Batts,86 Schlimgen Point,92347,Estrada,gbattsk6@ibm.com,+351 (203) 469-9535,909j
Goldarina,Gwyer,03597 Washington Center,98460,Tomice,ggwyerk7@paginegialle.it,+48 (161) 302-9359,857q
Garry,Gohn,7074 Lillian Junction,37119,Potlot,ggohnk8@elegantthemes.com,+62 (537) 765-1508,446f
Sara,Suermeiers,70939 Lukken Junction,46791,Nickby,ssuermeiersk9@hc360.com,+358 (656) 949-3903,084p
Norris,Rickaby,17 Paget Plaza,90656,Tirana,nrickabyka@webeden.co.uk,+355 (769) 214-0887,867k
Sanders,Chislett,0 Packers Park,27091,Jatinagara,schislettkb@digg.com,+62 (215) 330-9581,442v
Jervis,Filewood,68 Bonner Way,58233,Mocupe,jfilewoodkc@latimes.com,+51 (560) 414-8402,455l
Darryl,Joliffe,049 Shasta Alley,12226,Liuhuang,djoliffekd@scientificamerican.com,+86 (424) 216-3878,248u
Godfry,Snoddin,90 Portage Place,82968,Liujiagou,gsnoddinke@stumbleupon.com,+86 (467) 530-4680,408w
Alleyn,Sarre,083 Ohio Plaza,95702,Gemuruh,asarrekf@statcounter.com,+62 (830) 806-2414,809w
Shadow,Coggin,5497 Oxford Point,83223,Kowary,scogginkg@studiopress.com,+48 (978) 554-6672,687v
Mead,Cantle,9 Saint Paul Crossing,55078,Nekhayevskiy,mcantlekh@comsenz.com,+7 (405) 182-0567,755f
Gaylord,Sime,4 Stang Street,38714,Baturyn,gsimeki@cbsnews.com,+380 (937) 780-3997,492k
Rem,Klainman,663 Hanson Terrace,01653,Parravak’ar,rklainmankj@mapquest.com,+374 (850) 622-9686,955g
Stephana,Lavers,570 Crest Line Place,84374,Azurduy,slaverskk@mapquest.com,+591 (982) 596-2025,045d
Jasmina,MacCoveney,151 Corscot Avenue,40754,Sim,jmaccoveneykl@squidoo.com,+7 (353) 971-0082,123k
Feodora,Ludwikiewicz,33 Oak Junction,97652,Sijing,fludwikiewiczkm@oaic.gov.au,+86 (579) 328-1511,623c
Tommie,Southers,3 Stephen Place,04964,Shijing,tsoutherskn@slate.com,+86 (639) 583-8409,292y
Isacco,Stannion,70317 Tony Circle,53989,Bohorodchany,istannionko@bbb.org,+380 (799) 527-1659,075p
Conni,Bazeley,99 Bay Alley,09270,Västerås,cbazeleykp@fda.gov,+46 (513) 154-9760,408d
Neal,Deavin,396 Dwight Park,63791,Verkhnevilyuysk,ndeavinkq@businesswire.com,+7 (897) 117-1235,070s
Nanci,Edison,4336 Fieldstone Alley,42375,Xi’an,nedisonkr@webnode.com,+86 (152) 638-9051,414e
Auberon,Harken,5 Forster Parkway,24453,Saint Joseph,aharkenks@time.com,+1 (816) 116-4025,135f
Ruthi,Iacomini,32 Cottonwood Parkway,00784,Ochla,riacominikt@ask.com,+48 (879) 984-4371,173g
Klement,Kemmis,78 Reinke Circle,51165,Arnhem,kkemmisku@privacy.gov.au,+31 (986) 532-8006,958r
Harald,Birdfield,64 Washington Avenue,88466,Ciudad Tecún Umán,hbirdfieldkv@mit.edu,+502 (390) 528-9615,144p
Adan,Jerger,5 4th Street,87930,Pondokrejo Wetan,ajergerkw@istockphoto.com,+62 (358) 728-9582,087u
Gertrudis,Gepson,68 Moulton Parkway,72340,Cikomara,ggepsonkx@chronoengine.com,+62 (990) 816-7339,508d
Charil,Berends,8318 Myrtle Alley,24003,Tangxian,cberendsky@jimdo.com,+86 (715) 544-2797,796m
Di,Yeliashev,986 Carpenter Plaza,71730,Viñales,dyeliashevkz@weebly.com,+53 (426) 882-8998,987i
Kissee,Prichard,7 Burning Wood Court,40055,Ozurgeti,kprichardl0@jigsy.com,+995 (156) 836-7173,480k
Danita,Efford,8303 Gulseth Alley,46020,Gīdolē,deffordl1@hexun.com,+251 (575) 275-9210,213p
Danya,Huxton,4272 Hansons Hill,26007,Gaoqiu,dhuxtonl2@statcounter.com,+86 (820) 860-7591,954u
Gisele,Gusticke,21510 Moland Trail,64143,Skopje,ggustickel3@hatena.ne.jp,+389 (342) 568-3923,757l
Lexine,Allbrook,1757 Gulseth Drive,77453,San Miguel,lallbrookl4@blinklist.com,+63 (899) 328-6111,824d
Nap,Jose,70538 Pierstorff Place,40822,Zouparria do Monte,njosel5@answers.com,+351 (273) 101-6069,084l
Chlo,Licciardello,536 Dakota Center,55648,Shuikou,clicciardellol6@irs.gov,+86 (485) 859-1360,653z
Garwin,Tatnell,27 Express Point,18119,Chennevières-sur-Marne,gtatnelll7@google.com.br,+33 (252) 993-7322,946j
Bryon,Trundell,30892 Hermina Court,34588,Huansheng,btrundelll8@over-blog.com,+86 (779) 769-4383,509u
Neely,Woodwin,3 Mosinee Pass,11459,Mauraro,nwoodwinl9@reddit.com,+63 (778) 455-1000,097q
Griffith,Tunniclisse,54619 Weeping Birch Junction,86478,Räpina,gtunniclissela@foxnews.com,+372 (764) 456-0603,312d
Nicola,Attyeo,7 Brickson Park Terrace,59364,Zelenogorsk,nattyeolb@slate.com,+7 (515) 539-1342,820b
Astra,Enevold,2 Prentice Center,17218,Washington,aenevoldlc@lycos.com,+1 (202) 857-1587,365u
Jeniffer,Bahls,89910 Continental Crossing,28972,Liuji,jbahlsld@github.com,+86 (730) 290-7884,620d
Packston,Caslett,3701 Golf View Way,25363,Funan Chengguanzhen,pcaslettle@de.vu,+86 (991) 151-5367,332k
Haskel,Filliskirk,9 Buena Vista Terrace,45553,Wudangshan,hfilliskirklf@comcast.net,+86 (214) 102-9472,054w
Curcio,Lengthorn,5 Algoma Plaza,94788,Nabari,clengthornlg@twitpic.com,+81 (285) 420-3791,981k
Petr,Rochelle,34 Nova Crossing,92942,Kulun,prochellelh@disqus.com,+86 (314) 353-1715,080y
Sean,Carlesso,543 Merrick Crossing,52872,Yidu,scarlessoli@vimeo.com,+86 (787) 862-2342,647z
Allis,Finey,91488 Armistice Street,95219,Kamojimachō-jōgejima,afineylj@jugem.jp,+81 (875) 942-9431,751p
Salaidh,Spooner,261 Grasskamp Avenue,77418,Pyhäranta,sspoonerlk@wikipedia.org,+358 (987) 486-4262,379p
Nat,Janjic,622 Jay Junction,33188,Metulla,njanjicll@seesaa.net,+972 (326) 310-8665,524k
Cale,Verma,752 Lien Circle,72732,Kirkop,cvermalm@cargocollective.com,+356 (254) 638-4772,238z
Lisle,Dalglish,2 Cherokee Avenue,42017,Korkino,ldalglishln@vimeo.com,+7 (534) 213-1785,020m
Esmeralda,Sagar,18513 Hoard Court,17402,Gbarnga,esagarlo@mayoclinic.com,+231 (755) 377-1303,573g
Bunny,Cockshutt,49 Park Meadow Street,18204,Zhongshanmen,bcockshuttlp@pcworld.com,+86 (378) 957-2044,684u
Charlean,Diggin,897 Lindbergh Plaza,09074,Moanemani,cdigginlq@statcounter.com,+62 (348) 708-8085,069l
Helenelizabeth,Pernell,32 Red Cloud Street,45474,Regente Feijó,hpernelllr@telegraph.co.uk,+55 (409) 647-7010,649n
Tawsha,Mayor,3 Daystar Circle,40681,Cinyawang,tmayorls@globo.com,+62 (919) 770-4032,335c
Colby,Dursley,46 Sauthoff Junction,41163,Sumberingin Kulon,cdursleylt@comcast.net,+62 (192) 912-5468,062h
Marshall,Dellow,32 West Terrace,65793,Lanipao,mdellowlu@goodreads.com,+63 (297) 302-1652,210l
Sharia,Woolfenden,7 Pleasure Alley,08944,Sendai-shi,swoolfendenlv@baidu.com,+81 (905) 464-8589,681d
Delcine,Maslen,6343 Vernon Court,77082,Riberalta,dmaslenlw@opera.com,+591 (391) 814-1868,236j
Vevay,Elston,88 Holy Cross Pass,31586,Cete,velstonlx@marketwatch.com,+351 (865) 408-5350,164q
Tomas,Booij,9 Macpherson Lane,79993,Jiatou,tbooijly@mysql.com,+86 (740) 719-3546,727p
Gail,Derbyshire,4572 Rusk Plaza,75290,Ad Dawādimī,gderbyshirelz@stanford.edu,+966 (246) 320-5866,643u
Pepita,Clitheroe,972 Melvin Terrace,84310,Boco,pclitheroem0@wix.com,+351 (449) 851-6428,609k
Inez,Murch,95667 4th Drive,92671,Huaibei,imurchm1@ovh.net,+86 (677) 122-3091,030o
Osgood,Chisnall,435 Shelley Road,81783,Nanterre,ochisnallm2@t-online.de,+33 (117) 660-5810,635a
Philippine,Hogben,2262 Bartelt Crossing,30148,La Plaine-Saint-Denis,phogbenm3@army.mil,+33 (614) 144-2658,932v
Timmie,Di Maria,31815 Dexter Drive,82220,Buenavista,tdimariam4@sitemeter.com,+52 (530) 503-4093,798k
Bibby,Britt,5 Swallow Terrace,06474,Fairview,bbrittm5@nasa.gov,+1 (271) 659-3863,938y
Daven,McManamen,9 Little Fleur Avenue,25099,Thio,dmcmanamenm6@vkontakte.ru,+687 (358) 313-3494,970y
Tabby,Hatcliffe,58 Beilfuss Way,73792,Santiago,thatcliffem7@webeden.co.uk,+63 (341) 748-0084,526k
Franny,Giraudeau,284 Springview Parkway,16229,Bweyogerere,fgiraudeaum8@google.es,+256 (476) 854-5318,308u
Angela,Rehn,4502 Sauthoff Alley,73280,Cancela,arehnm9@myspace.com,+351 (624) 805-2069,457m
Gillan,Mudie,4825 Rieder Hill,98820,Pasirangin Tiga,gmudiema@mac.com,+62 (960) 293-8680,534d
Nils,Siddall,45 Northland Point,04275,Gaoqiao,nsiddallmb@cdbaby.com,+86 (535) 109-9765,807s
Tobiah,Blaskett,94 Glacier Hill Road,73083,Djibo,tblaskettmc@mapquest.com,+226 (944) 629-4455,137b
Bourke,Macieja,84676 Eliot Pass,54472,Nizhniy Tsasuchey,bmaciejamd@yellowbook.com,+7 (812) 220-4045,651t
Willdon,Copo,0681 Everett Terrace,95304,Kawaliwu,wcopome@salon.com,+62 (968) 312-9418,346w
Berty,Tinto,746 Talmadge Center,02050,San Antonio,btintomf@harvard.edu,+52 (455) 377-4068,967b
Cleon,Tolcharde,2702 Del Mar Center,78124,Komorniki,ctolchardemg@imageshack.us,+48 (634) 470-6535,565n
Wynn,Withrington,394 Monica Terrace,03513,Köneürgench,wwithringtonmh@prweb.com,+993 (760) 948-1699,642z
Klemens,Langman,72155 Birchwood Crossing,87678,Kāshmar,klangmanmi@senate.gov,+98 (916) 296-1530,411w
Willi,Dykas,148 Banding Center,76053,Zouérat,wdykasmj@wikimedia.org,+222 (113) 523-7692,807z
Johna,Loweth,46 Toban Avenue,63299,Bang Klam,jlowethmk@typepad.com,+66 (540) 640-5766,141h
Boote,Hasson,28 Shasta Crossing,88561,Cruz,bhassonml@artisteer.com,+351 (138) 760-5721,081f
Rafaela,Cuningham,5 Sloan Lane,35933,Sapporo,rcuninghammm@java.com,+81 (631) 249-5099,836n
Kendell,Dulake,3 Hollow Ridge Way,90134,Bomadi,kdulakemn@4shared.com,+234 (669) 270-0589,405x
Martino,Pletts,10564 Longview Center,12590,La Estrella,mplettsmo@netvibes.com,+57 (878) 108-8491,720p
Gino,Ceccoli,5 Prentice Junction,42465,Quintães,gceccolimp@1688.com,+351 (230) 835-4685,032u
Casper,Gerardot,627 Washington Way,66843,Stanowice,cgerardotmq@ibm.com,+48 (785) 374-3163,810d
Cleopatra,Dewhurst,24013 Myrtle Way,47548,Jiazi,cdewhurstmr@smh.com.au,+86 (794) 903-9390,920y
Burr,Drayson,3472 Armistice Point,82852,Shizuishan,bdraysonms@instagram.com,+86 (268) 299-5629,395t
Philly,Groveham,529 Bunting Avenue,66531,Waru,pgrovehammt@reddit.com,+62 (824) 497-2376,477n
Josefa,Niezen,55467 Vahlen Road,15947,Łętownia,jniezenmu@w3.org,+48 (681) 513-6845,188h
Wilmette,Toller,75 Messerschmidt Lane,52214,Mitú,wtollermv@nature.com,+57 (981) 181-0660,813a
Jone,Battye,9 Mockingbird Street,19741,Nariño,jbattyemw@jugem.jp,+57 (881) 349-6886,025x
Annalise,Tourner,0 Nevada Crossing,82191,Cartagena,atournermx@nps.gov,+63 (211) 997-7921,999t
Frederick,Bernardoux,9 Meadow Valley Drive,33488,Gorodishche,fbernardouxmy@mlb.com,+7 (796) 862-2602,082h
Geno,Rossbrook,85 Porter Circle,72932,Dagushan,grossbrookmz@alexa.com,+86 (132) 271-3988,516x
Luise,Kerswell,8 Meadow Ridge Plaza,49920,Tomobe,lkerswelln0@ameblo.jp,+81 (865) 747-4482,369f
Roanna,Hankinson,72 Kedzie Point,78864,Konggar,rhankinsonn1@sakura.ne.jp,+86 (306) 356-4703,481h
Bordy,Drewes,25292 Valley Edge Way,65101,Liuhe,bdrewesn2@surveymonkey.com,+86 (600) 353-5726,767w
Raff,Marieton,057 Gale Pass,47044,Meicheng,rmarietonn3@friendfeed.com,+86 (646) 276-3152,139s
Tyson,Collin,1491 Lawn Court,99403,Tartagal,tcollinn4@vk.com,+54 (890) 870-1551,052s
Liuka,Glencrosche,281 Elka Drive,93141,Panikian,lglencroschen5@chron.com,+63 (322) 698-0054,372s
Tobiah,Amdohr,07 Green Pass,61028,Port Saint John’s,tamdohrn6@creativecommons.org,+27 (736) 667-7869,635i
Dionisio,Deas,3 Redwing Drive,92844,Mangseng,ddeasn7@list-manage.com,+62 (813) 251-0808,484z
Robers,Hindsberg,6 Talmadge Road,09615,Lijiazui,rhindsbergn8@a8.net,+86 (405) 931-2900,032g
Culver,Sexstone,53312 Towne Center,37462,Pavlysh,csexstonen9@networksolutions.com,+380 (637) 138-0241,037i
Hayley,Hitzschke,46 Northridge Drive,94107,Tlogowetan,hhitzschkena@illinois.edu,+62 (584) 424-1176,263t
Danica,Coppins,0702 Dakota Way,14370,Kamenjane,dcoppinsnb@howstuffworks.com,+389 (305) 638-7855,629r
Augusto,Cote,358 Sauthoff Way,46051,Loutráki,acotenc@vimeo.com,+30 (881) 723-9352,640n
Zarah,Strewthers,638 Buena Vista Street,78529,Song’ao,zstrewthersnd@bbc.co.uk,+86 (545) 397-7536,250e
Forrester,Giovanizio,29 Golf Pass,86813,Heby,fgiovanizione@hao123.com,+46 (353) 292-1987,908n
Hana,Bouzan,56 Raven Pass,53597,Xipingle,hbouzannf@phpbb.com,+86 (834) 640-9526,280p
Kellie,Spittall,7152 Debs Avenue,57560,Longchi,kspittallng@cnet.com,+86 (112) 530-0910,330e
Ambrose,Rawsthorn,00 Sullivan Place,27369,Dongchong,arawsthornnh@kickstarter.com,+86 (489) 522-2940,317w
Mitchel,Barrack,14906 Schurz Parkway,48924,Lian,mbarrackni@nyu.edu,+86 (818) 836-6540,533b
Anastassia,Guinane,8751 Kennedy Hill,10960,Laguna Limpia,aguinanenj@bandcamp.com,+54 (126) 252-4084,908j
Gorden,Yurikov,30801 Lighthouse Bay Park,85847,Santa Cruz de Yojoa,gyurikovnk@amazon.com,+504 (957) 705-9135,141f
Reggie,Gawkes,384 Pine View Drive,05928,Fussa,rgawkesnl@yellowbook.com,+81 (569) 503-2072,618a
Giraldo,Puleque,18 Lillian Circle,91995,Salavat,gpulequenm@whitehouse.gov,+7 (327) 943-2650,185z
Roy,Emmins,8 Ohio Place,32722,Erdenet,remminsnn@imdb.com,+976 (444) 972-6378,458o
Llewellyn,Stronach,3056 Straubel Hill,97138,Pamyat’ Parizhskoy Kommuny,lstronachno@tumblr.com,+7 (783) 905-3407,953o
Erma,Wheildon,5 Michigan Park,49717,Quanyang,ewheildonnp@aol.com,+86 (728) 592-2871,373p
Meta,Enion,7 Stoughton Drive,65170,Talcahuano,menionnq@ycombinator.com,+56 (388) 826-4742,017j
Meier,Clynter,94163 Dixon Hill,70996,Hadayang,mclynternr@bing.com,+86 (329) 720-7202,828t
Andrea,Muttock,39195 International Plaza,75663,Janūb as Surrah,amuttockns@ft.com,+965 (116) 548-0347,303w
Agata,O'Hannen,3 Luster Court,90339,Okigwi,aohannennt@tripod.com,+234 (732) 501-4221,270r
Saleem,Mulvin,257 Dottie Road,15569,Brändö,smulvinnu@ucsd.edu,+358 (346) 450-3874,041a
Renate,Danihel,2017 Buell Street,56940,Kakogawachō-honmachi,rdanihelnv@upenn.edu,+81 (516) 327-8336,369n
Chilton,Paddison,0 New Castle Court,27195,Неготино,cpaddisonnw@soup.io,+389 (535) 586-1384,197j
Jessamine,Bibbie,6019 Starling Lane,72676,Kedungdoro,jbibbienx@histats.com,+62 (556) 730-5105,189v
Emanuele,Attkins,33 Basil Crossing,11113,Shuangmiaojie,eattkinsny@nifty.com,+86 (948) 419-6961,818c
Kennedy,MacCague,68963 Helena Crossing,58597,Yuguan,kmaccaguenz@webeden.co.uk,+86 (515) 576-1207,677h
Lefty,Seneschal,57026 Morningstar Parkway,23355,Hanyū,lseneschalo0@nba.com,+81 (206) 555-1751,073a
Zach,Ellicott,8436 Dwight Parkway,12102,Krasnodar,zellicotto1@squidoo.com,+7 (550) 365-1066,268w
Dav,Fozzard,4 Toban Avenue,60592,Крива Паланка,dfozzardo2@devhub.com,+389 (489) 626-4753,441h
Kiele,Meak,490 Dunning Parkway,07363,Syrostan,kmeako3@123-reg.co.uk,+7 (262) 308-1524,046v
Rodie,Ashplant,3595 Harbort Crossing,53293,Křenovice,rashplanto4@foxnews.com,+420 (584) 812-7252,657t
Jacqui,Cracie,49607 Redwing Terrace,81516,Tirah,jcracieo5@thetimes.co.uk,+972 (785) 225-9398,254k
Sherm,Toseland,89 Valley Edge Drive,72737,Caringin,stoselando6@yale.edu,+62 (706) 628-9519,657n
Hurleigh,Sheerman,7 8th Way,92895,Primero de Enero,hsheermano7@redcross.org,+53 (185) 869-7136,929x
Maddie,Gainsford,0306 Old Shore Parkway,47401,Ayía Triás,mgainsfordo8@webmd.com,+30 (281) 585-1572,598d
Tallou,Owbrick,58333 Hooker Parkway,42926,Baryshevo,towbricko9@gizmodo.com,+7 (375) 123-1166,088d
Dniren,Lackington,98 Miller Circle,65505,Huangzhai,dlackingtonoa@va.gov,+86 (774) 192-1665,770n
Mahalia,Lynde,333 Forest Run Way,62484,Lagoa do Itaenga,mlyndeob@scientificamerican.com,+55 (252) 265-6730,772s
Lyon,Tosney,0 Oriole Road,76458,Nový Hrozenkov,ltosneyoc@flickr.com,+420 (553) 134-9802,926x
Pauline,Healings,59766 Westend Lane,84638,San Mateo,phealingsod@e-recht24.de,+63 (429) 961-2716,169z
Rhianna,Southwood,840 Duke Street,99746,Araucária,rsouthwoodoe@sourceforge.net,+55 (865) 164-5306,834o
Linell,Esplin,54 Kennedy Point,13842,Bršadin,lesplinof@theglobeandmail.com,+385 (451) 442-0035,485s
Jany,Snary,421 Burning Wood Terrace,53700,Mazongshan,jsnaryog@baidu.com,+86 (811) 125-8834,946w
Ailis,Seviour,1738 Mesta Alley,09220,Villa Ascasubi,aseviouroh@fda.gov,+54 (462) 213-8599,646r
Trumaine,Briscam,5 Donald Hill,67551,Luofang,tbriscamoi@yellowpages.com,+86 (725) 107-7031,401f
Michele,Adamo,91027 Schiller Lane,03799,Coxim,madamooj@tuttocitta.it,+55 (856) 485-7810,169t
Sigfried,Armin,260 Golf View Road,36731,Waterbury,sarminok@yolasite.com,+1 (203) 567-3554,832j
Nefen,Bowskill,89 Holmberg Parkway,95562,Santarém,nbowskillol@mozilla.org,+55 (785) 403-9214,337l
Henri,McShane,7897 Scofield Hill,50081,Leping,hmcshaneom@adobe.com,+86 (721) 511-4356,714n
Ritchie,Heinreich,96 Prairie Rose Parkway,04311,Mugango,rheinreichon@miibeian.gov.cn,+255 (996) 990-0119,342i
Janelle,O'Scanlon,815 Melody Circle,99502,Samokov,joscanlonoo@mit.edu,+359 (489) 507-7688,853n
Reinald,Dewing,4 Blackbird Road,03548,Lingbeizhou,rdewingop@google.co.uk,+86 (895) 640-3751,565e
Angelia,Been,9452 Nevada Pass,68218,Nicoya,abeenoq@dailymail.co.uk,+506 (790) 942-9226,873q
Horton,Frugier,11838 Holy Cross Street,43150,Gorichevo,hfrugieror@bloglines.com,+359 (654) 545-5270,990p
Yehudi,Kirtley,7391 Morning Circle,66636,Bagé,ykirtleyos@purevolume.com,+55 (604) 404-1324,469v
Dorey,Pettendrich,5 Oak Alley,44916,Takai,dpettendrichot@jigsy.com,+234 (600) 544-8629,764u
Jewelle,Tall,5588 Onsgard Trail,57118,Tangfang,jtallou@unc.edu,+86 (914) 257-2261,296h
Duff,Nangle,207 Washington Lane,55012,Abengourou,dnangleov@examiner.com,+225 (173) 808-5609,497h
Gerri,Brute,23 Rockefeller Park,35011,Saguiaran,gbruteow@cbslocal.com,+63 (890) 945-0144,188u
Raphaela,Brand,8438 Raven Plaza,49014,Kasamwa,rbrandox@google.com,+255 (174) 544-0818,406c
Deirdre,Maus,3419 Marcy Center,67868,Johor Bahru,dmausoy@cmu.edu,+60 (267) 358-9770,632z
Kendrick,Geggus,47 Hollow Ridge Pass,05645,Paniqui,kgeggusoz@cafepress.com,+63 (492) 170-7139,086u
Celestyn,Gyorffy,3 International Street,78051,Port-à-Piment,cgyorffyp0@bluehost.com,+509 (461) 441-7461,329v
Lazarus,Trassler,27 Welch Trail,60420,Maganha,ltrasslerp1@edublogs.org,+351 (922) 236-7915,693x
Sal,McKeag,1 Sunnyside Avenue,19005,Zürich,smckeagp2@slate.com,+41 (606) 508-5369,122p
Kristi,Jeays,8 Oriole Hill,90347,Xi’an,kjeaysp3@sciencedaily.com,+86 (775) 875-2014,703w
Rivy,Sessions,82442 Schurz Parkway,92147,Suwalan,rsessionsp4@china.com.cn,+62 (666) 524-9336,459n
Jeanie,Embra,104 Michigan Junction,52869,Kalilu,jembrap5@bing.com,+62 (379) 879-6377,352s
Georgianne,Pucker,8 Graedel Court,24467,Latacunga,gpuckerp6@mediafire.com,+593 (379) 889-7703,560x
Anna-maria,Quadling,1 Kedzie Place,45852,Porto Salvo,aquadlingp7@digg.com,+351 (857) 500-4488,347a
Eleanor,Sanford,06814 Rockefeller Hill,00795,Vyksa,esanfordp8@mysql.com,+7 (390) 855-9955,418v
Delbert,Trattles,566 Fordem Place,79211,Xinhe,dtrattlesp9@wikipedia.org,+86 (429) 906-7334,062q
Olympia,Yggo,6 Dawn Plaza,82562,Kumagunnam,oyggopa@soundcloud.com,+234 (413) 526-7791,590j
Stefano,Steed,4728 Fremont Park,12979,Tongjiaxi,ssteedpb@cocolog-nifty.com,+86 (192) 165-2490,522g
Winna,Pickle,6 Schlimgen Hill,98709,Cilebang Satu,wpicklepc@businesswire.com,+62 (461) 545-3208,025i
Beverie,Mangeot,34485 Fairview Road,92778,Waśniów,bmangeotpd@simplemachines.org,+48 (674) 704-7323,489c
Rolfe,Calrow,813 Stone Corner Drive,13865,Mashizhai,rcalrowpe@prweb.com,+86 (212) 501-5344,918y
Germaine,Cherryman,46455 Haas Circle,97573,Bani,gcherrymanpf@businessinsider.com,+63 (166) 748-1632,877f
Leesa,Freyn,175 Gateway Park,41836,Arapongas,lfreynpg@sciencedirect.com,+55 (695) 963-4578,063i
Sergei,Dubery,47607 Algoma Pass,71345,Sofia,sduberyph@accuweather.com,+359 (111) 231-2242,512g
Siusan,Humphrys,769 3rd Park,71707,Banqiaodian,shumphryspi@scribd.com,+86 (600) 847-6870,398l
Belinda,MacGaughie,804 Eastlawn Plaza,00785,Drenova,bmacgaughiepj@so-net.ne.jp,+385 (105) 673-1847,858v
Nickola,Fraschetti,4 Carey Crossing,14125,Tonj,nfraschettipk@usda.gov,+249 (283) 929-6325,172l
Ashla,Pyer,16 Waxwing Center,87066,Oslo,apyerpl@ocn.ne.jp,+47 (253) 480-5013,078i
Bond,Braybrooke,25 Muir Hill,80990,Tanushimarumachi-toyoki,bbraybrookepm@weibo.com,+81 (232) 907-7897,236j
Lucilia,Diglin,58620 Stoughton Road,00723,Cipasung,ldiglinpn@godaddy.com,+62 (529) 906-8455,477t
Natala,Dunthorn,58 Warbler Pass,77898,Dazi,ndunthornpo@blog.com,+86 (817) 399-0254,115c
Lawrence,Howat,7 Tomscot Way,62076,Ukmerge,lhowatpp@yellowbook.com,+370 (992) 246-2591,068p
Kliment,Greensmith,388 Cardinal Trail,70419,Midoun,kgreensmithpq@posterous.com,+216 (494) 763-7062,179r
Augusto,Warder,945 Cordelia Park,89991,Yongfeng,awarderpr@cocolog-nifty.com,+86 (357) 721-2321,300r
Breena,Libbey,58372 Merchant Street,47418,Sel’tso,blibbeyps@msu.edu,+7 (702) 283-8353,678n
Haslett,Keirle,90097 Lawn Terrace,33982,Presidente Dutra,hkeirlept@edublogs.org,+55 (932) 192-7851,329e
Danielle,Beardshaw,86 Lawn Parkway,92746,Ciilat,dbeardshawpu@skype.com,+62 (865) 564-1560,028d
Tulley,Dovey,39133 Eagan Terrace,11581,Ikongo,tdoveypv@cmu.edu,+261 (893) 208-2506,691f
Elia,Eaglesham,7 Elmside Crossing,02778,Kuusjoki,eeagleshampw@intel.com,+358 (212) 763-3350,094c
Donica,Nasi,93 Coleman Park,97168,Mulan,dnasipx@infoseek.co.jp,+86 (785) 467-4327,580q
Walther,Riggert,176 Merchant Plaza,41731,Neuilly-sur-Marne,wriggertpy@twitpic.com,+33 (325) 685-4896,895o
Rodge,Hurrion,96325 Randy Hill,16806,Heka,rhurrionpz@tripadvisor.com,+86 (453) 359-1156,499l
Duffy,Spiring,07527 Butterfield Terrace,28958,Donggaohuang,dspiringq0@ustream.tv,+86 (218) 467-2489,207d
Kearney,Battrum,590 Thackeray Court,59540,Pakham,kbattrumq1@ucsd.edu,+66 (134) 689-5228,166r
Roberta,Schwant,01 Tomscot Point,60540,Airmolek,rschwantq2@upenn.edu,+62 (231) 591-4241,443p
Margy,Osman,2 Badeau Court,08262,Buchlovice,mosmanq3@microsoft.com,+420 (911) 815-5529,910d
Colas,Batch,82 Troy Place,01216,Hòa Bình,cbatchq4@theglobeandmail.com,+84 (286) 499-0234,493g
Joseph,Opfer,463 Oxford Trail,74611,Sorokino,jopferq5@google.com.hk,+7 (111) 689-4548,987v
Verna,Cheale,5056 Old Shore Street,82383,Chengtang,vchealeq6@pbs.org,+86 (360) 424-7685,372f
Carlene,Glennard,05542 Roth Park,79849,Gaoqiao,cglennardq7@dailymotion.com,+86 (587) 338-6831,520h
Les,Dripp,6057 Kedzie Pass,74617,Zuogaiduoma,ldrippq8@unc.edu,+86 (119) 149-2777,519d
Retha,McCague,23 Wayridge Center,16654,Ciervo Petiso,rmccagueq9@si.edu,+54 (803) 803-1330,335r
Iain,Legrand,42441 Melby Park,05877,Pogranichnyy,ilegrandqa@bloglines.com,+7 (286) 375-3043,975t
Ansel,Crooke,63613 Gulseth Terrace,22755,Jiazi,acrookeqb@spotify.com,+86 (880) 592-9445,030j
Peggi,Kiellor,1940 Elgar Circle,02151,Orimattila,pkiellorqc@list-manage.com,+358 (688) 421-7520,815g
Stephenie,Traise,873 Dawn Street,45054,Leonidovo,straiseqd@mail.ru,+7 (631) 287-9778,929y
Faber,Wintringham,01228 Fisk Court,08152,Dayanggezhuang,fwintringhamqe@etsy.com,+86 (732) 878-3809,045k
Morrie,Fetherstan,4 Gale Avenue,92823,Pore,mfetherstanqf@indiegogo.com,+57 (682) 766-0584,467i
Rance,Verey,4812 Lakewood Center,59671,Enköping,rvereyqg@nih.gov,+46 (810) 202-5292,475l
Elroy,Ryott,04 Bluestem Point,00120,Laixi,eryottqh@mlb.com,+86 (722) 161-5528,458r
Deane,Kneller,9 Del Sol Avenue,84088,Pingzhuang,dknellerqi@time.com,+86 (215) 713-7683,334c
Lezley,Frearson,445 Dahle Road,12179,Slovenj Gradec,lfrearsonqj@irs.gov,+386 (322) 667-8497,477g
Jefferey,Westover,7527 Artisan Hill,27664,Sal’sk,jwestoverqk@pen.io,+7 (352) 405-9254,470r
Niven,Danis,0170 Moulton Trail,98948,Ganxi,ndanisql@shareasale.com,+86 (204) 924-4713,620g
Horatius,Musprat,51 Ramsey Street,74656,Dongshan,hmuspratqm@tripadvisor.com,+86 (204) 136-2248,085t
Hillel,Brummell,700 Colorado Place,62613,Yalukou,hbrummellqn@mysql.com,+86 (339) 466-2549,271v
Joey,Mollen,2116 Doe Crossing Junction,53378,Rzeszów,jmollenqo@ftc.gov,+48 (944) 226-0875,110x
Siward,Litchfield,15672 Waubesa Court,01395,Shangpai,slitchfieldqp@dot.gov,+86 (181) 147-2062,607t
Trefor,Dadswell,85996 Shelley Plaza,58631,Åkersberga,tdadswellqq@merriam-webster.com,+46 (352) 398-8985,329b
Ardelle,Lippiello,27721 Walton Junction,20816,Longquan,alippielloqr@chronoengine.com,+86 (100) 721-3485,834t
Darnall,McIlwrick,2935 Pond Pass,45147,Ronggo,dmcilwrickqs@digg.com,+62 (826) 648-3473,665g
Trueman,Toone,230 American Ash Point,26612,Phak Hai,ttooneqt@army.mil,+66 (843) 901-0015,153u
Danell,Jennions,17396 Park Meadow Parkway,92369,Si Mahosot,djennionsqu@indiegogo.com,+66 (501) 898-1111,407p
Vanny,Coathup,1 Carey Hill,60746,Butwāl,vcoathupqv@miitbeian.gov.cn,+977 (159) 404-3467,023a
Dru,Kleiser,098 Oakridge Parkway,49124,Xinghua,dkleiserqw@miibeian.gov.cn,+86 (905) 457-6543,859u
Aurora,Detloff,1961 Grover Plaza,81948,Santiago del Estero,adetloffqx@ustream.tv,+54 (951) 829-4371,497a
Lesya,Whelpdale,81 Burning Wood Drive,00195,Ariz,lwhelpdaleqy@chicagotribune.com,+351 (130) 730-8505,647z
Aubrie,Swanton,2479 Beilfuss Terrace,49401,Vila Velha de Ródão,aswantonqz@bloglines.com,+351 (677) 237-2794,640b
Dana,Mullaney,7734 Bunker Hill Parkway,72600,Pindushi,dmullaneyr0@opensource.org,+7 (157) 992-1421,215m
Rurik,McIlwrath,936 Grover Lane,71633,Myshkin,rmcilwrathr1@free.fr,+7 (352) 962-2515,300t
Emilia,Boydell,262 Columbus Way,70994,Akhaldaba,eboydellr2@hatena.ne.jp,+995 (625) 214-7573,542b
Osgood,Hablet,93129 Darwin Street,06809,Lyon,ohabletr3@multiply.com,+33 (701) 429-6715,365h
Perry,Quantrell,169 Lunder Hill,83955,Golub-Dobrzyń,pquantrellr4@histats.com,+48 (722) 931-3398,468h
Jodi,Berceros,2476 Delladonna Place,04806,Cimaragas,jbercerosr5@nps.gov,+62 (513) 159-9261,147r
Alika,Fotheringham,1 Schurz Lane,93547,Gansa,afotheringhamr6@wisc.edu,+86 (987) 592-8223,724r
Teodora,Janiak,2758 Comanche Point,40676,Xianchiyu,tjaniakr7@unesco.org,+86 (630) 358-6253,319q
Demetria,Jirsa,9305 Stoughton Alley,27859,Las Tunas,djirsar8@example.com,+53 (321) 274-0119,973i
Tobey,Gregorowicz,9 Redwing Circle,68973,Sonlit,tgregorowiczr9@unesco.org,+62 (485) 100-7326,669o
Tucky,McKomb,1629 Texas Pass,60298,Kauswagan,tmckombra@dmoz.org,+63 (663) 341-4530,043e
Florry,Wolters,45547 Tomscot Junction,68057,Nanzhai,fwoltersrb@yelp.com,+86 (916) 387-1470,392j
Nari,Kilsby,3594 Lyons Junction,25273,Palmitas,nkilsbyrc@woothemes.com,+598 (204) 148-8002,177o
Benny,Traves,66 Manufacturers Junction,44249,Esperança,btravesrd@merriam-webster.com,+55 (286) 242-9983,096w
Lavena,Hanham,232 Calypso Avenue,51164,Ocaña,lhanhamre@acquirethisname.com,+57 (821) 596-7910,773h
Peyter,Prangley,1 Waubesa Court,25019,Banovo Polje,pprangleyrf@patch.com,+381 (677) 405-8295,549o
Frederick,Chambers,0 Katie Junction,10915,Otradnaya,fchambersrg@gizmodo.com,+7 (825) 933-0140,117k
Desmund,Reubens,71 Calypso Drive,01011,Fort Smith,dreubensrh@elpais.com,+1 (479) 195-2400,559n
Maynord,Landy,74493 Veith Lane,93951,Bloemfontein,mlandyri@independent.co.uk,+27 (435) 255-8287,452s
Jorgan,Beedle,164 Dryden Alley,11462,Tawaran,jbeedlerj@cocolog-nifty.com,+62 (955) 383-9553,016o
Kenyon,Ruthen,5 Kings Point,23365,Proástion,kruthenrk@mapquest.com,+30 (520) 494-5752,654k
Zed,Beazey,8 Warrior Hill,43138,Skoútari,zbeazeyrl@github.io,+30 (835) 562-7163,462d
Shawn,Grummitt,59277 Namekagon Center,87692,Kilimatinde,sgrummittrm@weather.com,+255 (197) 544-5679,504m
Charyl,Hurry,8 Morning Point,44338,Parigi,churryrn@ezinearticles.com,+62 (188) 541-8152,901o
Ashlen,Franiak,02 Namekagon Circle,28369,Núi Đối,afraniakro@seesaa.net,+84 (507) 879-3459,314o
Alyda,Jenik,75 Fuller Court,75170,Boshchorbogh,ajenikrp@ibm.com,+992 (252) 926-0136,006t
Letta,O'Lyhane,4296 Dovetail Road,07003,Changning,lolyhanerq@godaddy.com,+86 (886) 748-6720,987k
Delora,Girardengo,28454 Coleman Street,18692,Čajetina,dgirardengorr@yellowbook.com,+381 (231) 342-4495,854y
